{"model":{"version":3,"nodes":[{"name":"RootNode","position":[0,0,0],"rotation":[0,0,0],"scale":[0.01,0.01,0.01],"scaleCompensation":false},{"name":"Sleeve","position":[0,0,0],"rotation":[0,0,0],"scale":[1,1,1],"scaleCompensation":false}],"parents":[-1,0],"skins":[],"morphs":[],"vertices":[{"position":{"type":"float32","components":3,"data":[0.56687,-1.13478,-0.163481,0.97856,-1.25604,-0.16552,0.864231,-1.27017,-0.249617,0.832154,-1.41471,-0.338984,0.991244,-1.55352,-0.311982,0.795357,-1.49465,-0.339882,0.579215,-1.35081,-0.340325,0.375169,-1.21697,-0.307363,0.717103,-1.47948,0.160182,0.894949,-1.44873,0.131971,0.547677,-1.33874,0.185513,0.844776,-1.72095,-0.090915,0.742182,-1.70278,0.0105662,0.745492,-1.71015,-0.0818678,0.507315,-1.64281,-0.198423,0.516278,-1.59574,-0.269763,0.818398,-1.64737,-0.244356,0.971147,-1.25537,-0.0195408,0.705102,-1.22401,0.0866527,0.958727,-1.31034,0.0539443,0.614746,-1.2745,0.14992,0.949913,-1.37469,0.0973837,0.308681,-1.35793,-0.319057,0.306146,-1.34178,-0.183876,0.34999,-1.17861,-0.218857,0.857362,-1.31423,-0.139309,0.43263,-1.22473,-0.180461,0.835727,-1.33672,-0.186555,0.711483,-1.51595,-0.227501,0.808125,-1.47988,-0.245832,0.478803,-1.41281,-0.258126,0.474899,-1.56757,-0.0836,0.885534,-1.63644,-0.065617,0.954798,-1.63368,-0.119084,0.953788,-1.52713,0.0394909,0.738894,-1.45427,0.0637645,0.924561,-1.42618,0.0200399,0.412545,-1.3104,-0.0445462,0.42481,-1.24813,0.0461422,0.39704,-1.51161,0.0313106,0.378717,-1.43356,0.0852579,0.556241,-1.49473,0.0663316,0.867731,-1.73176,-0.0571211,0.860868,-1.71794,0.00352832,0.955384,-1.4421,0.127791,0.396244,-1.45463,-0.245681,0.384786,-1.39595,-0.274478,0.321223,-1.37386,-0.346969,0.954789,-1.36308,-0.162854,0.974956,-1.44025,-0.211403,0.992123,-1.34579,-0.27036,0.98916,-1.46578,-0.311116,0.496037,-1.12591,0.00569886,0.396559,-1.11624,-0.0342907,0.39694,-1.16072,0.0745256,0.599859,-1.12405,-0.0763239,0.636816,-1.15026,0.0101772,0.403941,-1.56478,0.11106,0.530386,-1.65438,0.0147217,0.3623,-1.50344,0.143953,0.422431,-1.55031,-0.145723,0.390156,-1.55098,-0.280517,0.413449,-1.62459,-0.189806,0.54418,-1.57504,-0.0508559,0.723628,-1.60688,-0.0223464,0.960871,-1.55339,0.133769,0.386379,-1.3796,0.102505,0.338219,-1.38417,0.186949,0.326867,-1.31508,0.165119,0.396337,-1.37498,-0.176147,0.924399,-1.37682,-0.00682266,0.94086,-1.34092,-0.127576,0.992464,-1.53228,-0.219889,1.00516,-1.58466,-0.197867,0.998429,-1.63176,-0.282657,0.547462,-1.30785,-0.222636,0.423079,-1.27176,-0.242082,0.402192,-1.32537,-0.270396,0.530471,-1.17456,-0.237663,0.321442,-1.27895,-0.0407846,0.357688,-1.1481,-0.0436682,0.528318,-1.67157,-0.0794222,0.87002,-1.70401,-0.167709,0.462367,-1.65588,-0.131143,0.40145,-1.3295,0.0983211,0.614357,-1.32282,0.0646341,0.567861,-1.21459,-0.0783073,0.577662,-1.23211,-0.135621,0.933262,-1.33557,-0.0734331,0.868836,-1.30625,-0.0864938,0.477581,-1.10962,-0.0795775,0.39683,-1.14428,-0.202791,0.370872,-1.47288,-0.334124,0.783008,-1.66366,0.087046,0.941552,-1.62018,0.12304,0.658816,-1.55714,0.142947,0.938652,-1.5827,0.0359956,0.891952,-1.6838,0.0809742,0.739155,-1.58252,0.0239783,0.893246,-1.61944,0.00654666,0.356177,-1.19726,0.0962536,0.323903,-1.28844,0.120639,0.356522,-1.28536,0.174772,0.405315,-1.32808,0.0728017,0.320281,-1.28825,0.0551252,0.852589,-1.33612,-0.306883,0.585977,-1.18823,0.0851202,0.397195,-1.22338,0.139556,0.975248,-1.24195,-0.0957861,0.347639,-1.2751,-0.342708,0.38572,-1.38222,-0.358309,0.633704,-1.24421,-0.0200793,0.448934,-1.20594,-0.0216648,0.445946,-1.19845,-0.0778469,0.828704,-1.57793,-0.178033,0.463848,-1.49528,0.168527,0.512595,-1.42655,0.190294,0.832312,-1.37728,-0.22238,0.551738,-1.36806,-0.247624,0.535421,-1.42864,0.0923727,1.00018,-1.6187,-0.171449,0.954868,-1.72277,-0.183947,0.989907,-1.68106,-0.244131,0.77553,-1.57492,-0.307927,0.865028,-1.31668,-0.0394835,0.818559,-1.42761,-0.244729,0.525447,-1.53644,-0.194821,0.873905,-1.62902,-0.0258406,0.650149,-1.28794,0.0316403,0.53875,-1.52686,-0.323711,0.579608,-1.37501,0.0877573,0.895468,-1.73401,-0.112806]},"normal":{"type":"float32","components":3,"data":[0.211936,0.910382,-0.355369,0.545861,0.770814,-0.328454,0.213111,0.731102,-0.648131,0.131184,0.223156,-0.965915,0.417404,-0.156816,-0.895088,0.0251403,-0.147217,-0.988785,0.0785743,0.206211,-0.975348,0.0871739,0.569451,-0.81739,0.0998405,-0.0898776,0.990936,0.181651,0.176176,0.967453,0.111396,0.185242,0.976359,-0.18208,-0.981914,-0.0518853,-0.171523,-0.925947,0.336455,-0.15705,-0.981899,-0.105873,-0.125719,-0.904725,-0.407023,-0.116374,-0.726667,-0.677062,-0.0931486,-0.744357,-0.661253,0.502688,0.794313,0.341132,0.285053,0.672353,0.683144,0.685523,0.460496,0.563916,0.199408,0.432153,0.879477,0.40285,0.395597,0.825357,-0.9946,-0.0344357,-0.0979026,-0.887356,-0.418058,0.194493,-0.902253,0.416397,-0.112038,-0.268365,-0.885651,0.378949,0.404405,-0.79918,0.44471,-0.207417,-0.719138,0.663188,0.0461118,0.52175,0.851851,-0.0507063,0.139353,0.988944,-0.0457268,0.158699,0.986268,-0.0336961,0.950335,0.309399,0.414571,0.880306,0.230633,0.356082,0.784026,0.508438,0.500933,-0.0505918,-0.864006,-0.14027,-0.0179075,-0.989951,0.119031,-0.303729,-0.945294,0.461543,-0.871658,0.164894,0.375351,-0.712995,-0.592241,-0.322436,0.421449,-0.847594,-0.526491,0.324268,-0.785912,0.0265095,0.406038,-0.913472,0.742855,-0.420142,0.521197,0.338209,-0.901772,0.269112,0.966816,0.168804,0.191762,-0.259573,0.427791,0.865804,0.146487,-0.777259,0.61189,-0.911221,-0.271464,-0.309812,0.182632,-0.57552,0.797134,0.477182,-0.192226,0.857523,0.743454,0.378316,-0.551501,0.673493,0.142479,-0.725332,0.0815247,0.925584,0.369658,-0.353166,0.931923,0.0824157,-0.0392783,0.827522,0.560057,0.260018,0.964764,0.0402663,0.261876,0.88795,0.378108,-0.275351,-0.764774,0.582497,-0.572819,-0.819123,-0.0302758,-0.854087,-0.408028,0.322565,-0.221002,0.821515,0.525615,-0.590529,-0.602225,-0.537216,-0.717063,-0.690648,-0.0939428,-0.852636,0.443491,-0.276273,0.177096,0.938603,-0.296078,0.521085,-0.062501,0.851213,-0.356828,0.122752,-0.92607,-0.419339,-0.0940945,0.90294,-0.982862,-0.0893747,-0.161225,0.664222,-0.72327,0.188916,0.190275,-0.679452,-0.708619,0.593161,-0.678099,0.433984,0.614058,0.16169,0.772521,0.341959,0.511303,0.788437,0.326173,-0.502375,-0.800768,-0.170656,-0.523897,0.834511,-0.174294,-0.626323,0.759829,0.0208282,-0.273934,0.961523,0.143176,0.765076,-0.627821,-0.994354,-0.0752075,0.0748637,-0.914168,0.403269,0.0408725,-0.287042,-0.956838,-0.0454684,-0.1583,-0.911913,-0.378624,-0.597075,-0.637438,0.487005,-0.0442777,-0.313671,-0.948499,-0.195791,-0.376486,-0.905497,-0.239098,-0.970193,0.039458,-0.225891,-0.893679,0.387701,0.59003,-0.805093,-0.0607454,-0.314317,-0.949318,0.000859795,0.00747257,0.99499,-0.0996981,-0.111687,0.92146,-0.372071,-0.72716,-0.414854,-0.546932,-0.112393,-0.69268,0.712434,0.163072,-0.420098,0.892706,-0.027041,-0.428724,0.903031,0.278229,0.137399,-0.950637,0.638974,-0.760133,0.117944,0.109392,0.702374,-0.703352,0.515439,0.333377,-0.789419,-0.712806,0.594582,0.371995,-0.999102,-0.0159256,0.039257,-0.119627,0.345226,0.930864,-0.122718,-0.945046,-0.303033,-0.867742,-0.494438,-0.0505479,0.154548,0.494515,-0.855318,0.126004,0.73865,0.662208,0.0381952,0.579978,0.813736,0.438386,0.895665,-0.0748506,-0.272155,0.36733,-0.889382,0.001073,-0.0696506,-0.997571,-0.233789,-0.865143,-0.443702,-0.109407,-0.920976,-0.373942,0.294834,-0.951992,0.0823624,0.102937,0.794551,0.598408,-0.085845,-0.422451,0.902311,0.0400517,-0.155219,0.987068,-0.197877,-0.51734,0.832589,-0.100196,-0.188595,0.97693,-0.0692498,0.145064,-0.986996,0.73914,0.270184,0.616987,0.625749,-0.757292,0.186941,0.307366,-0.794875,-0.523163,-0.0343499,-0.50571,-0.862019,-0.325238,-0.847971,-0.418527,-0.11101,-0.250692,0.961681,0.103437,0.732178,0.673213,0.702567,0.598146,-0.385513,-0.257176,-0.636419,-0.727208,-0.0554877,-0.45743,-0.887513,-0.152791,-0.142372,-0.977949,0.446702,-0.864366,0.23093]}}],"meshes":[{"aabb":{"min":[0.306146,-1.73401,-0.358309],"max":[1.00516,-1.10962,0.190294]},"vertices":0,