{"model":{"version":3,"nodes":[{"name":"RootNode","position":[0,0,0],"rotation":[0,0,0],"scale":[0.01,0.01,0.01],"scaleCompensation":false},{"name":"Arm1","position":[0,0,0],"rotation":[0,0,0],"scale":[1,1,1],"scaleCompensation":false}],"parents":[-1,0],"skins":[],"morphs":[],"vertices":[{"position":{"type":"float32","components":3,"data":[-0.857393,-1.30495,-0.217387,-0.52825,-1.21393,-0.209698,-0.536341,-1.27739,-0.261284,-1.00221,-1.54185,-0.269089,-0.813778,-1.49436,-0.296402,-0.951971,-1.59019,-0.246275,-0.319034,-1.4917,-0.2639,-0.363798,-1.30945,0.142024,-0.300327,-1.56908,-0.0453198,-0.87422,-1.58658,0.0877805,-0.636039,-1.53126,0.100038,-0.71345,-1.47339,0.111403,-0.383191,-1.23228,-0.273183,-0.407975,-1.15688,-0.0111964,-0.99161,-1.308,-0.0333494,-0.979343,-1.35324,0.0223853,-0.666938,-1.25014,0.0601191,-1.86613,-1.54705,0.0211446,-1.91756,-1.69723,-0.0771932,-1.87324,-1.62828,0.069238,-1.29034,-1.36161,-0.0826072,-1.04846,-1.32839,-0.147257,-1.26119,-1.37193,-0.150948,-0.836415,-1.67397,-0.0017372,-0.530118,-1.57042,0.0651749,-0.88463,-1.65118,0.0570147,-0.508519,-1.60827,-0.164724,-0.707315,-1.63296,-0.153162,-0.50151,-1.56265,-0.2348,-1.85121,-1.8812,-0.0746343,-1.73681,-1.90697,-0.172765,-1.70792,-1.9194,-0.0937077,-1.44278,-1.80306,-0.0344494,-1.18511,-1.75255,-0.0207759,-1.34968,-1.74654,0.0177175,-0.316552,-1.51435,0.0690964,-0.55743,-1.35198,0.139676,-0.365971,-1.4189,0.14987,-1.50723,-1.66712,-0.258319,-1.40322,-1.73565,-0.214738,-1.76662,-1.76297,-0.307507,-1.85372,-1.78716,-0.261301,-1.86739,-1.67046,-0.255547,-1.81564,-1.62955,-0.311525,-1.49811,-1.48534,-0.19939,-1.7669,-1.5069,-0.227048,-1.54703,-1.44115,-0.100017,-1.72371,-1.86857,-0.245414,-1.42634,-1.79478,-0.147084,-1.0343,-1.73448,-0.0911725,-1.25374,-1.78198,-0.086385,-1.1013,-1.73645,-0.169955,-1.29639,-1.37633,-0.0172984,-1.60753,-1.6957,0.107922,-1.53179,-1.60529,0.0741464,-1.62494,-1.62476,0.108164,-1.83278,-1.5263,0.0631207,-1.77017,-1.46528,-0.00515876,-1.83322,-1.49062,-0.0507395,-1.65732,-1.49197,0.0570897,-1.55484,-1.45356,-0.0233843,-1.66884,-1.444,-0.00207626,-1.53284,-1.71599,0.0696246,-1.51116,-1.8312,-0.0302341,-1.48754,-1.77949,0.0166237,-1.63055,-1.84767,0.0600089,-1.76094,-1.56495,-0.283738,-1.64433,-1.56007,-0.25511,-1.57988,-1.61695,-0.265496,-0.814396,-1.41649,-0.29193,-0.855632,-1.35984,-0.266271,-1.73707,-1.73445,0.141716,-1.74409,-1.64821,0.143955,-1.82182,-1.6634,0.124755,-1.82794,-1.88083,-0.0268927,-1.70919,-1.90436,-0.00913428,-1.71571,-1.86758,0.0597845,-0.548111,-1.35639,-0.292716,-1.8494,-1.86252,-0.176877,-1.86128,-1.72936,0.0974775,-1.89881,-1.7057,0.000292515,-0.606173,-1.18914,-0.150942,-0.631073,-1.19243,-0.00447388,-1.86587,-1.58225,-0.223452,-1.87009,-1.54348,-0.122358,-0.559785,-1.62009,-0.00346863,-0.539177,-1.62871,-0.0879352,-0.912574,-1.68933,-0.0765285,-0.938287,-1.40403,0.0589423,-1.2908,-1.42423,0.0257613,-1.42316,-1.52331,0.0547898,-1.40203,-1.58009,0.067432,-1.22114,-1.53562,0.0727534,-1.307,-1.61264,-0.259312,-1.33998,-1.68649,-0.234432,-1.38169,-1.57044,-0.258516,-1.50553,-1.54195,-0.236221,-1.87226,-1.80531,0.0145174,-1.84213,-1.80514,0.0742781,-1.83974,-1.85204,0.0253416,-0.42762,-1.17987,-0.163499,-1.02269,-1.3034,-0.0880492,-0.528303,-1.15289,-0.0810089,-1.59524,-1.87498,-0.168437,-1.50761,-1.84482,-0.0949532,-1.5902,-1.87632,-0.0141043,-1.79181,-1.46276,-0.130341,-1.11925,-1.63874,-0.265709,-1.45176,-1.47526,0.0231548,-0.924978,-1.67185,-0.144971,-1.11944,-1.52035,0.0707644,-0.755682,-1.40935,0.102454,-0.61384,-1.29629,0.106485,-0.392778,-1.23215,0.0923854,-1.76247,-1.57303,0.117176,-1.8482,-1.5973,0.101775,-1.72409,-1.49849,0.0672339,-1.11913,-1.70345,-0.226231,-1.5522,-1.54801,0.0619216,-1.55712,-1.49185,0.0275024,-1.19976,-1.59591,0.0729188,-1.44995,-1.7144,0.0495703,-1.06837,-1.62219,0.0622299,-1.16722,-1.70722,0.0289626,-1.24128,-1.40821,-0.21062,-1.24168,-1.46269,-0.253899,-1.02525,-1.41566,-0.238959,-1.01117,-1.47751,-0.263793,-1.04845,-1.36529,-0.197984,-1.71609,-1.80732,0.113663,-1.64717,-1.78976,0.114919,-1.42745,-1.81004,-0.0894937,-1.38934,-1.64178,0.0666906,-1.70159,-1.55686,0.114317,-0.928222,-1.63597,-0.200388,-0.527079,-1.50978,-0.28119,-1.83073,-1.52121,-0.229307,-1.56096,-1.88242,-0.0936332,-1.66567,-1.71447,0.144376,-1.68512,-1.63481,0.14229,-1.83279,-1.49549,-0.158171,-0.352767,-1.37008,-0.318697,-0.596947,-1.44384,-0.299825,-0.904705,-1.45585,0.0828325,-0.93628,-1.53338,0.0883287,-1.03073,-1.72022,-0.0168936,-1.16473,-1.51328,-0.276345,-1.13831,-1.57488,-0.282464,-1.07777,-1.68233,0.029023,-0.37283,-1.29939,-0.312032,-0.312181,-1.55985,-0.162346]},"normal":{"type":"float32","components":3,