{"model":{"version":3,"nodes":[{"name":"RootNode","position":[0,0,0],"rotation":[0,0,0],"scale":[0.01,0.01,0.01],"scaleCompensation":false},{"name":"Leg","position":[0,0,0],"rotation":[0,0,0],"scale":[1,1,1],"scaleCompensation":false}],"parents":[-1,0],"skins":[],"morphs":[],"vertices":[{"position":{"type":"float32","components":3,"data":[0.193793,-2.60534,-0.211125,0.176024,-3.03461,-0.187839,0.146985,-2.91046,-0.104566,0.197649,-3.2942,-0.100796,0.208709,-3.35254,-0.016256,0.162116,-2.95448,-0.00397744,0.646438,-2.77003,-0.168002,0.550301,-3.01087,-0.230129,0.59745,-2.75742,-0.268445,0.559615,-2.13395,0.00995226,0.546884,-2.13598,-0.243459,0.25606,-2.13451,-0.20592,0.243691,-2.19134,-0.303975,0.412558,-2.14858,-0.326455,0.41783,-2.90856,-0.294955,0.442871,-2.65955,-0.368918,0.521083,-2.67618,-0.344337,0.491532,-3.75421,0.239318,0.290153,-3.70553,-0.119892,0.407942,-3.7125,-0.20277,0.253209,-3.63749,-0.18372,0.354118,-3.41922,-0.250942,0.384761,-3.63565,-0.260929,0.480048,-2.41723,0.17207,0.322642,-2.17675,0.146676,0.398114,-2.57301,0.1838,0.674405,-2.26577,-0.183743,0.479373,-2.62786,0.173251,0.563594,-2.5891,0.133443,0.235143,-3.48727,0.0920724,0.220098,-3.63842,-0.0556288,0.314614,-3.60408,0.272448,0.547705,-3.448,0.27561,0.395616,-3.47719,0.297112,0.43733,-3.562,0.515933,0.581478,-3.41982,-0.15047,0.611697,-3.40316,-0.011003,0.698421,-3.612,0.122682,0.653155,-2.20066,0.0277914,0.601964,-2.85869,0.0745982,0.687178,-2.24816,-0.0729774,0.284085,-2.13461,0.0169434,0.45787,-2.16343,0.149386,0.707194,-3.57102,0.287214,0.675464,-3.56189,0.510594,0.633294,-3.72286,0.133411,0.697538,-3.681,0.324426,0.555349,-3.6375,0.552188,0.524575,-3.72901,0.368433,0.243556,-3.36499,0.0540518,0.288855,-2.84647,0.175894,0.213904,-2.94023,0.0947595,0.525143,-3.05759,0.116635,0.470778,-2.8346,0.202607,0.424643,-3.29484,0.140064,0.335591,-2.19768,-0.352731,0.339525,-2.51051,-0.360677,0.268858,-2.64778,-0.293723,0.489747,-3.4043,-0.227507,0.589712,-3.6297,-0.161175,0.502921,-3.67945,-0.231548,0.648277,-2.81914,-0.0428163,0.163505,-2.22085,-0.0195216,0.157529,-2.58824,-0.108441,0.313534,-3.32314,0.11468,0.574987,-2.19534,-0.320216,0.619506,-2.4333,-0.276253,0.397029,-3.70917,0.366368,0.606152,-3.06697,-0.101033,0.382087,-3.1188,-0.322248,0.471239,-3.13142,-0.29002,0.206915,-2.18428,0.0636889,0.300651,-2.63144,0.150138,0.251649,-2.51193,-0.313544,0.314753,-2.90334,-0.283037,0.360143,-2.63445,-0.355621,0.566154,-3.35058,0.0823176,0.579588,-3.14898,0.0409592,0.229057,-2.91076,-0.239152,0.26419,-3.08785,-0.302487,0.652702,-2.15625,-0.133666,0.239608,-3.3786,-0.180431,0.442227,-2.22154,-0.367487,0.603754,-3.541,0.564902,0.566158,-2.18438,0.112094,0.178636,-2.43294,-0.228099,0.163941,-2.16885,-0.171036,0.376085,-2.86509,0.212276,0.645773,-3.67489,0.00683961,0.438792,-3.39418,0.18897,0.324129,-3.43138,0.170254,0.146766,-2.23809,-0.126708,0.501594,-2.93939,-0.269933,0.54915,-2.86053,0.163876]},"normal":{"type":"float32","components":3,"data":[-0.872168,-0.0347501,-0.48797,-0.870589,-0.071818,-0.486741,-0.996826,-0.0254903,-0.0754239,-0.991905,-0.114259,-0.0553974,-0.937676,-0.0955977,0.334102,-0.958358,-0.0484692,0.281427,0.962886,-0.115985,-0.243717,0.778422,-0.125149,-0.615139,0.787453,-0.133881,-0.601659,0.107739,0.990317,0.0875457,0.112038,0.986104,-0.12266,-0.0871354,0.992908,-0.0808809,-0.640086,0.22246,-0.735392,-0.020736,0.865144,-0.501095,0.0311155,-0.158273,-0.986905,0.140713,-0.0612996,-0.988151,0.462608,-0.125001,-0.877707,-0.016441,-0.999831,0.00820028,-0.396918,-0.917723,-0.0154991,0.0075596,-0.971867,-0.235408,-0.695524,-0.236613,-0.678425,-0.266327,-0.144087,-0.953052,-0.087989,-0.125215,-0.98822,0.210373,0.0672432,0.975306,-0.309108,0.197816,0.930226,-0.160125,0.0749677,0.984246,0.931627,0.0158004,-0.363072,0.236364,0.071216,0.969051,0.656185,0.0271517,0.754112,-0.920819,0.134799,0.365953,-0.945112,-0.318822,0.0715209,-0.906221,-0.201993,0.371434,0.173557,0.918205,0.356058,-0.354606,0.807714,0.471013,-0.649669,0.451748,0.611436,0.892383,0.0224788,-0.450718,0.900945,0.430424,0.0550766,0.969548,0.0501795,-0.239707,0.851534,0.125739,0.508999,0.888945,-0.0630196,0.453657,0.989721,-0.0222359,0.141271,-0.143611,0.980111,0.136961,0.102554,0.663601,0.741024,0.949767,0.312556,0.0158361,0.790382,0.518679,0.325988,0.307536,-0.94387,-0.120543,0.677038,-0.714225,0.177487,0.091437,-0.746597,0.658963,0.132866,-0.937193,0.322514,-0.737168,-0.0351643,0.674793,-0.554143,-0.0407424,0.831424,-0.808586,-0.0191319,0.588067,0.611811,-0.127643,0.780638,0.236036,-0.100978,0.966484,0.189145,0.0203469,0.981738,-0.281133,0.146407,-0.948435,-0.304429,-0.0172081,-0.95238,-0.618123,-0.0970488,-0.780067,0.457168,-0.070001,-0.886621,0.838234,-0.0452189,-0.543432,0.475036,-0.572836,-0.667982,0.9849,-0.100358,0.141069,-0.956573,0.0368475,0.289154,-0.989594,-0.0174623,-0.142822,-0.306409,-0.0935865,0.947288,0.541352,0.17671,-0.822016,0.759549,-0.0294945,-0.649781,-0.590943,-0.74354,0.312947,0.990788,-0.0750971,-0.112694,0.0823983,-0.0786809,-0.993489,0.522474,-0.0906822,-0.84782,-0.724699,0.177998,0.665678,-0.556951,0.0476481,0.829178,-0.671699,-0.0661593,-0.737864,-0.31061,-0.0230584,-0.950258,-0.331134,-0.185839,-0.925102,0.75512,0.241672,0.609417,0.935908,-0.100058,0.337734,-0.579972,0.0223692,-0.814329,-0.557793,-0.10594,-0.823192,0.685992,0.717124,-0.123081,-0.815963,-0.145997,-0.559365,0.0973444,0.0768634,-0.992278,0.0123035,0.82504,0.56494,0.557731,0.207146,0.803758,-0.892112,-0.0205335,-0.451347,-0.804599,0.556048,-0.208401,-0.100353,-0.052176,0.993583,0.774207,-0.574547,-0.265518,-0.00236031,0.754516,0.656278,-0.541485,0.452368,0.708631,-0.997081,0.00386313,-0.0762599,0.397603,-0.131839,-0.908036,0.688222,-0.0823453,0.720811]}}],"meshes":[{"aabb":{"min":[0.146766,-3.75421,-0.368918],"max":[0.707194,-2.13395,0.564902]},"vertices":0,"indices":[0,1,2,3,4,5,6,7,8,9,10,11,12,11,13,14,15,16,17,18,19,20,21,22,23,24,25,8,26,6,27,28,23,29,30,31,32,33,34,35,36,37,38,39,40,9,41,42,43,36,44,19,45,17,31,34,29,46,47,48,49,50,51,52,53,54,12,55,56,0,57,1,4,51,5,11,41,9,58,59,60,22,21,58,39,61,40,32,44,36,51,62,5,2,62,63,34,33,29,49,64,50,65,16,15,26,66,65,67,48,47,17,67,18,35,7,68,58,69,70,71,62,51,71,51,72,56,57,73,14,74,75,54,76,52,77,61,39,69,74,14,1,78,79,80,26,65,38,40,80,20,81,21,29,3,30,35,68,36,68,76,36,81,20,30,30,18,67,65,15,82,10,80,65,34,67,47,32,34,83,79,21,81,21,69,58,28,84,23,84,9,42,44,47,46,34,47,83,85,86,12,57,0,73,53,87,64,72,25,24,35,37,59,88,60,59,28,27,53,27,87,53,43,44,46,37,88,59,85,12,73,12,56,73,89,76,54,90,64,49,63,62,91,62,71,86,79,69,21,69,79,74,90,54,64,53,64,54,9,80,10,80,9,38,92,69,14,14,16,92,29,4,3,90,49,29,86,41,11,12,86,11,77,68,61,6,68,7,12,13,55,82,13,65,50,25,72,50,72,51,36,76,32,89,32,76,71,72,24,41,24,42,79,81,1,81,30,3,80,40,26,40,6,26,71,24,41,86,71,41,81,3,1,1,3,2,35,58,7,58,35,59,23,84,42,23,42,24,85,73,0,63,91,85,65,66,16,16,8,92,3,5,2,2,5,62,15,56,82,56,75,57,90,89,54,32,89,33,37,46,88,45,46,17,50,87,25,50,64,87,40,61,6,6,61,68,44,83,47,32,83,44,19,18,20,18,30,20,43,46,37,43,37,36,30,67,31,31,67,34,68,77,76,76,77,52,22,58,60,19,20,22,60,19,22,60,45,19,45,88,46,88,45,60,82,55,13,55,82,56,63,85,0,0,2,63,67,17,48,17,46,48,65,13,10,10,13,11,74,57,75,78,1,57,62,86,91,85,91,86,33,89,90,33,90,29,56,15,75,14,75,15,49,51,4,29,49,4,69,92,70,58,70,7,7,70,92,7,92,8,52,93,53,77,39,52,84,38,9,28,38,84,52,39,93,38,28,39,28,53,93,28,93,39,25,27,23,27,25,87,74,78,57,78,74,79,26,8,66,8,16,66],"type":"triangles","base":0,"count":552}],"meshInstances":[{"node":1,"mesh":0}]}}