{"model":{"version":3,"nodes":[{"name":"RootNode","position":[0,0,0],"rotation":[0,0,0],"scale":[0.01,0.01,0.01],"scaleCompensation":false},{"name":"PantLeg1","position":[0,0,0],"rotation":[0,0,0],"scale":[1,1,1],"scaleCompensation":false}],"parents":[-1,0],"skins":[],"morphs":[],"vertices":[{"position":{"type":"float32","components":3,"data":[-0.269257,-2.89979,0.213257,-0.236761,-2.48044,0.156304,-0.388853,-2.4398,0.216306,-0.530302,-2.22212,0.183838,-0.434758,-2.86847,0.260255,-0.312946,-3.61133,0.13986,-0.315964,-3.43981,0.0969651,-0.251031,-3.31996,-0.0317666,-0.263186,-2.00878,-0.208533,-0.300723,-2.04811,-0.305286,-0.373179,-1.99419,-0.228621,-0.431702,-3.41151,0.133578,-0.52795,-3.32893,0.0509848,-0.409646,-3.23989,0.094038,-0.611065,-2.05917,-0.143062,-0.658301,-2.13525,-0.00695009,-0.573786,-2.05152,0.0244506,-0.184184,-3.67075,-0.0943833,-0.159831,-3.34728,-0.00677808,-0.217811,-3.61103,0.164447,-0.482084,-2.93735,-0.338373,-0.308495,-2.86501,-0.340876,-0.342102,-3.1569,-0.363057,-0.207701,-3.11797,-0.305273,-0.211756,-2.81753,-0.289081,-0.113095,-3.02097,-0.169714,-0.201385,-2.0204,-0.133661,-0.365535,-1.96852,-0.124519,-0.270287,-1.99592,-0.0233323,-0.696007,-2.79422,-0.0414221,-0.722633,-2.31767,-0.103043,-0.69152,-2.76462,-0.17803,-0.644111,-3.2177,-0.0404334,-0.620756,-3.11157,0.0650648,-0.508865,-3.68344,-0.270438,-0.406289,-3.41116,-0.301636,-0.59729,-2.98628,-0.250292,-0.593522,-3.65679,-0.198438,-0.634094,-3.12719,-0.152788,-0.512545,-2.94763,-0.212941,-0.562098,-3.04617,-0.0810936,-0.558531,-3.32212,-0.0671302,-0.220071,-2.96024,0.0209672,-0.297064,-3.2699,0.055385,-0.53716,-3.46654,0.171391,-0.408031,-3.68167,-0.199338,-0.296957,-3.65072,-0.143337,-0.318931,-3.38168,-0.191871,-0.435081,-2.57358,-0.306319,-0.27853,-2.60809,-0.201509,-0.398456,-2.63463,-0.169778,-0.356568,-3.13868,-0.268287,-0.451241,-3.42305,-0.202208,-0.445661,-3.14295,-0.242167,-0.51773,-3.38648,-0.151687,-0.13449,-2.49423,0.0355228,-0.117328,-2.95757,0.00812847,-0.111088,-2.51015,-0.115909,-0.17508,-2.94288,0.123266,-0.277186,-3.65547,-0.024803,-0.261597,-3.67748,-0.235912,-0.603618,-2.16809,0.10729,-0.492057,-2.11613,0.148138,-0.433739,-1.98665,0.00571073,-0.407241,-2.0434,0.110935,-0.303539,-2.02549,0.0630121,-0.374979,-3.69938,-0.288377,-0.544052,-3.65332,-0.123105,-0.613375,-3.63444,0.00561018,-0.719551,-3.59858,0.00365517,-0.611749,-3.54869,0.103646,-0.226795,-3.36148,0.119342,-0.153252,-2.53096,-0.237167,-0.34443,-2.13194,-0.393041,-0.22174,-2.10776,-0.319875,-0.21966,-2.19839,-0.373144,-0.564156,-2.55604,0.0683114,-0.45837,-2.56433,0.121569,-0.542231,-2.86483,0.0901016,-0.398477,-2.62717,-0.0135337,-0.262376,-2.5949,0.051135,-0.6637,-3.49415,-0.0876371,-0.678377,-3.44925,0.0380029,-0.603738,-3.30794,0.100279,-0.337158,-2.8742,0.146325,-0.521715,-3.11748,0.0514945,-0.455748,-2.8499,0.154587,-0.705596,-2.29594,-0.204396,-0.640066,-2.7251,-0.297712,-0.556191,-2.04502,-0.225225,-0.500398,-1.98761,-0.113982,-0.304755,-3.27729,0.166671,-0.622636,-2.30252,-0.346661,-0.447497,-2.62671,-0.417436,-0.447568,-2.42093,-0.413336,-0.27939,-2.46453,-0.386347,-0.581541,-2.56598,-0.212322,-0.565538,-2.71234,-0.23765,-0.510619,-2.58594,-0.296458,-0.164061,-2.06283,-0.0255914,-0.0981423,-2.19929,0.048449,-0.0864591,-2.14812,-0.0970942,-0.366914,-2.13543,0.185964,-0.212104,-2.17061,0.15095,-0.279295,-2.08987,0.129896,-0.37527,-2.62097,0.135198,-0.298835,-3.47362,0.271366,-0.493925,-3.39073,0.273311,-0.441016,-2.06614,-0.335478,-0.546827,-2.08723,-0.301241,-0.464762,-1.99773,-0.217936,-0.395075,-2.28018,-0.436625,-0.469367,-2.20156,-0.409867,-0.57572,-2.86374,0.191035,-0.653274,-2.82706,0.0931066,-0.461893,-3.26507,0.174904,-0.222298,-2.50538,-0.331726,-0.225064,-3.0028,-0.182572,-0.227293,-2.63154,-0.173803,-0.295416,-2.62413,-0.255781,-0.254792,-3.35161,-0.11454,-0.198857,-2.95328,-0.0959037,-0.122034,-2.36287,-0.295632,-0.186589,-2.2712,-0.368227,-0.12118,-2.20782,-0.292343,-0.069745,-2.30793,-0.211495,-0.0662847,-2.23391,-0.173861,-0.0508604,-2.32952,-0.0275002,-0.532325,-3.37203,0.215999,-0.686772,-3.47089,0.1489,-0.308281,-2.6271,-0.0827645,-0.287511,-2.31255,0.208726,-0.161266,-2.35259,0.136466,-0.202395,-2.25387,0.168754,-0.551852,-2.6761,-0.381969,-0.369455,-3.49274,0.211182,-0.638145,-2.3001,0.116528,-0.699695,-2.27093,0.0221528,-0.0696755,-2.37898,-0.184549,-0.163472,-3.38399,-0.144114,-0.624419,-2.56786,-0.104057,-0.55408,-3.11822,0.146695,-0.585994,-2.56621,-0.0420312,-0.491013,-2.62185,-0.09916,-0.546884,-2.1483,-0.350096,-0.270751,-3.39717,-0.27518,-0.176145,-2.08502,-0.249532,-0.371635,-2.86414,-0.260526,-0.502028,-2.6534,-0.299864,-0.304857,-2.22997,0.207805,-0.389236,-2.25335,0.223276,-0.331052,-2.33924,-0.429055,-0.215441,-2.35529,-0.383133,-0.270143,-3.10326,-0.232963,-0.106043,-2.13739,-0.190134,-0.687346,-2.16753,-0.129728,-0.63163,-2.14519,-0.264671,-0.204647,-2.63534,-0.105166,-0.42921,-2.59492,-0.325925,-0.291002,-2.25138,-0.419211,-0.20686,-2.08963,0.0810575,-0.557112,-2.2264,-0.378206,-0.502491,-2.3039,-0.415616,-0.608005,-2.80345,-0.0970208,-0.213801,-2.61991,-0.0290155,-0.227519,-2.60389,-0.103038]},"normal":{"type":"float32","components":3,