{"model":{"version":3,"nodes":[{"name":"RootNode","position":[0,0,0],"rotation":[0,0,0],"scale":[0.01,0.01,0.01],"scaleCompensation":false},{"name":"PantLeg","position":[0,0,0],"rotation":[0,0,0],"scale":[1,1,1],"scaleCompensation":false}],"parents":[-1,0],"skins":[],"morphs":[],"vertices":[{"position":{"type":"float32","components":3,"data":[0.477936,-2.87453,0.245474,0.574943,-2.86876,0.19031,0.606191,-2.2831,0.15293,0.358742,-3.23933,0.179898,0.271418,-2.90916,0.215053,0.222925,-3.26071,0.119185,0.163158,-2.50579,0.0790524,0.17517,-2.95992,0.120948,0.597784,-2.98574,-0.249755,0.691063,-2.76564,-0.178559,0.645831,-3.04582,-0.145235,0.161738,-3.37368,-0.144226,0.145604,-3.07207,-0.226868,0.245213,-3.16351,-0.332842,0.237701,-2.12669,0.151844,0.388401,-2.0188,0.0774894,0.29653,-2.01754,0.047026,0.117386,-2.95612,0.00928138,0.102783,-2.9618,-0.106272,0.24838,-3.10651,-0.209394,0.197446,-2.96123,-0.0702503,0.250328,-3.32711,-0.109605,0.446024,-2.907,-0.247882,0.353866,-3.13798,-0.267211,0.486234,-3.34703,-0.194761,0.314413,-2.88904,0.131012,0.410751,-3.22772,0.0955398,0.295488,-3.26686,0.0531101,0.561838,-3.05032,-0.0799487,0.600538,-2.78483,-0.0520073,0.597242,-2.66174,-0.204847,0.24925,-2.9306,0.0628144,0.245463,-3.26256,-0.0353017,0.560341,-2.57367,-0.232591,0.609831,-2.56286,-0.0645281,0.46446,-2.62512,-0.158928,0.29427,-2.82447,-0.235541,0.553658,-2.68802,-0.377185,0.63941,-2.7292,-0.297033,0.522596,-1.99396,-0.136196,0.32676,-1.96576,-0.104281,0.435498,-1.98042,-0.03217,0.660259,-2.16353,-0.229435,0.688496,-2.16576,-0.104926,0.721026,-2.32566,-0.133802,0.697077,-2.26751,0.0338349,0.696992,-2.78785,-0.0411827,0.519359,-3.65886,-0.154148,0.39649,-3.67975,-0.197008,0.415428,-3.70417,-0.288858,0.289138,-3.68284,-0.263901,0.272147,-3.40603,-0.273959,0.406946,-3.41276,-0.301474,0.658074,-2.80091,0.0868845,0.453623,-3.46006,0.206448,0.375668,-3.4254,0.28908,0.35704,-3.51191,0.205045,0.603883,-2.30092,-0.342577,0.235196,-2.3205,-0.402821,0.250233,-2.19527,-0.394973,0.368968,-2.31781,-0.439414,0.338435,-2.59808,0.072029,0.474816,-2.61932,-0.0241973,0.520064,-2.54469,0.104655,0.429226,-2.85455,0.16493,0.540882,-2.88531,0.0884214,0.520547,-3.11746,0.0517261,0.105925,-2.51566,-0.0864669,0.286255,-2.11367,-0.361333,0.179915,-2.11409,-0.290833,0.278931,-2.02352,-0.256735,0.129113,-2.1389,0.038415,0.196171,-2.02776,-0.0428345,0.0951508,-2.14142,-0.0497523,0.215265,-2.07898,0.079752,0.557111,-3.33131,-0.0156358,0.54152,-3.26634,-0.117623,0.609184,-3.63783,-0.000471866,0.397694,-3.40099,0.129392,0.640626,-3.41159,-0.124849,0.623351,-3.56596,0.0927224,0.560554,-3.48317,0.155325,0.297081,-3.65023,-0.142906,0.304812,-3.63367,0.114093,0.185063,-3.67244,-0.109829,0.253682,-3.40957,0.164837,0.249897,-3.53083,0.238948,0.213309,-3.63452,0.109425,0.177413,-3.48863,0.0441103,0.590022,-3.42001,-0.213021,0.388059,-3.14336,-0.360551,0.522387,-2.94025,-0.316392,0.501243,-3.29797,-0.298112,0.272478,-3.45014,0.0344313,0.267223,-3.59699,-0.0367484,0.469187,-2.14186,-0.384169,0.589473,-2.19901,-0.343359,0.505277,-2.27003,-0.408871,0.378485,-2.05391,-0.32609,0.345911,-2.63733,-0.116366,0.213755,-2.60787,-0.0386314,0.208457,-2.63142,-0.150954,0.650341,-3.1125,-0.0413518,0.664117,-3.41422,0.00606406,0.597415,-3.30086,0.111411,0.0693912,-2.27772,-0.221794,0.12268,-2.4916,-0.215974,0.049252,-2.31599,-0.0874874,0.142518,-2.37662,-0.319837,0.230693,-2.49573,-0.340167,0.433264,-2.58928,-0.320456,0.52598,-2.96884,-0.187982,0.555717,-3.39846,0.252745,0.441339,-3.35707,0.216633,0.312858,-2.45316,-0.395908,0.421619,-2.90991,-0.34681,0.496623,-3.32678,0.0682594,0.443482,-2.43981,0.215655,0.243312,-2.50002,0.154666,0.250486,-2.83589,-0.320735,0.512793,-2.03069,0.053519,0.617607,-2.07725,-0.0179983,0.530599,-2.14358,0.150784,0.40608,-2.10983,0.17141,0.351443,-2.6278,0.124914,0.145355,-2.69169,-0.217021,0.5587,-2.11522,-0.315264,0.586031,-2.05818,-0.211898,0.638078,-2.08954,-0.138683,0.596794,-3.65924,-0.205142,0.692411,-3.46418,0.152645,0.720228,-3.59669,0.00809192,0.256299,-2.62165,0.0422176,0.378947,-2.87012,0.254756,0.328332,-2.4821,0.198847,0.365833,-3.39876,-0.209613,0.298302,-3.37449,-0.176032,0.619324,-2.14018,0.0734759,0.116335,-2.19475,-0.274901,0.165944,-2.27921,-0.352563,0.506849,-2.68106,-0.291131,0.412341,-2.63193,-0.416855,0.124553,-2.09617,-0.155841,0.193262,-2.04349,-0.19769,0.401583,-1.99727,-0.240783,0.387649,-2.13441,-0.393005,0.402899,-2.22833,-0.428033,0.189547,-2.26469,0.160492,0.355322,-2.24726,0.220954,0.508756,-3.68256,-0.270608,0.151695,-3.26287,-0.0113883,0.700145,-2.43423,-0.20414,0.319833,-2.60573,-0.268012,0.519171,-2.42483,-0.389558,0.42456,-2.43063,-0.411921,0.463115,-3.22414,0.177377,0.554719,-3.11878,0.146099,0.611359,-3.38625,0.163539,0.495454,-2.05203,-0.294914,0.62002,-3.11373,0.0657086,0.0936493,-2.33211,0.0532839,0.587104,-2.57279,0.025991,0.107239,-2.21983,0.0603131,0.668959,-2.30291,-0.267529,0.469312,-2.23492,0.215094,0.0751242,-2.18295,-0.147838,0.281329,-2.28146,0.20762]},"normal":{"type":"float32","components":3,