{"model":{"version":3,"nodes":[{"name":"RootNode","position":[0,0,0],"rotation":[0,0,0],"scale":[0.01,0.01,0.01],"scaleCompensation":false},{"name":"Eye","position":[0,0,0],"rotation":[0,0,0],"scale":[1,1,1],"scaleCompensation":false}],"parents":[-1,0],"skins":[],"morphs":[],"vertices":[{"position":{"type":"float32","components":3,"data":[0.277461,0.0132196,0.567709,0.336469,-0.0224391,0.542405,0.273681,-0.0523296,0.584497,0.38229,-0.0725498,0.812454,0.436441,-0.115013,0.753661,0.430714,-0.0375532,0.812798,0.240006,0.06485,0.720577,0.283134,0.0957168,0.762277,0.263932,0.105494,0.672844,0.482457,0.0736401,0.638399,0.460862,0.0538255,0.588064,0.443055,0.104541,0.618754,0.232817,0.000905662,0.623368,0.223478,0.0368,0.679676,0.246477,0.0543577,0.622669,0.344945,-0.127508,0.759444,0.504387,0.0248479,0.643254,0.501574,-0.0488474,0.652306,0.46919,-0.00484238,0.579535,0.423551,-0.0985614,0.592619,0.39451,-0.13518,0.634509,0.349251,-0.114209,0.595399,0.434395,0.13145,0.700227,0.469747,0.104203,0.693466,0.398606,0.0444962,0.823376,0.462493,0.0322007,0.790823,0.429841,0.101479,0.775414,0.49187,0.0491087,0.742712,0.510386,-0.0085607,0.723504,0.464277,-0.0246173,0.789637,0.48448,-0.076418,0.731121,0.314327,0.131951,0.721509,0.314288,0.136507,0.666253,0.385056,0.0903153,0.568798,0.400274,0.0322138,0.5466,0.338025,0.0376461,0.547351,0.303351,-0.127799,0.6472,0.296497,-0.122403,0.73174,0.258352,-0.068326,0.75793,0.253326,-0.0931235,0.695243,0.260818,-0.0836,0.628437,0.295257,-0.0903386,0.596677,0.353334,0.112876,0.780148,0.374247,0.142967,0.717085,0.282723,0.0918201,0.607324,0.337917,0.122327,0.609601,0.309321,0.0704966,0.57063,0.389982,-0.143784,0.684118,0.455462,-0.114442,0.662709,0.475656,-0.0644126,0.613882,0.293631,0.0278972,0.811744,0.245192,0.0156353,0.768754,0.225072,-0.0191489,0.725884,0.436064,-0.0600176,0.57374,0.360427,-0.00817759,0.832379,0.296142,-0.053835,0.80729,0.410779,-0.0180968,0.547301,0.376378,-0.0669436,0.556099,0.403793,0.125968,0.621487,0.372786,0.142181,0.655143,0.341241,-0.142748,0.670256,0.229129,-0.0472243,0.655995,0.328537,-0.0763713,0.568147,0.328445,0.0550395,0.815782,0.496395,0.0666545,0.690398]},"normal":{"type":"float32","components":3,"data":[-0.614699,0.123705,-0.779001,-0.199809,-0.139688,-0.969827,-0.655082,-0.299361,-0.693722,0.0623431,-0.548513,0.833815,0.436735,-0.761977,0.478177,0.417004,-0.216943,0.882634,-0.867758,0.413118,0.276277,-0.586064,0.612598,0.530333,-0.719226,0.693576,-0.04082,0.788812,0.52316,-0.322613,0.613925,0.383106,-0.690163,0.541516,0.721253,-0.431919,-0.886485,-0.0174956,-0.462426,-0.973863,0.215577,-0.0715334,-0.815852,0.390041,-0.426912,-0.0825718,-0.855659,0.51091,0.94929,0.120364,-0.29045,0.929741,-0.314474,-0.191539,0.71971,-0.036884,-0.693294,0.37708,-0.703369,-0.602564,0.141342,-0.920706,-0.363763,-0.0830205,-0.786103,-0.612494,0.409911,0.911548,0.032448,0.715188,0.690861,0.105908,0.230258,0.322817,0.918025,0.656672,0.19507,0.728512,0.451091,0.687692,0.568855,0.807181,0.425281,0.409383,0.966844,-0.0433648,0.251657,0.733298,-0.261146,0.627756,0.821702,-0.502291,0.269277,-0.371949,0.888311,0.269366,-0.33608,0.928367,-0.158696,0.148335,0.600308,-0.785892,0.265015,0.208587,-0.941413,-0.17388,0.259685,-0.94991,-0.422379,-0.87018,-0.253736,-0.485632,-0.814241,0.318079,-0.75828,-0.430988,0.489143,-0.782622,-0.619425,0.0617704,-0.718367,-0.603797,-0.345511,-0.455092,-0.668958,-0.587696,-0.0686861,0.743282,0.665443,0.0583161,0.966028,0.251772,-0.582556,0.630406,-0.513046,-0.182518,0.821634,-0.540004,-0.33777,0.52241,-0.782943,0.20788,-0.972132,0.108375,0.62066,-0.774405,-0.122796,0.715948,-0.480043,-0.506928,-0.51019,0.155569,0.845875,-0.792804,0.0880293,0.603086,-0.963995,-0.137065,0.227873,0.485664,-0.378136,-0.788127,-0.0601043,-0.0715527,0.995624,-0.437254,-0.399394,0.805788,0.28665,-0.143052,-0.947295,0.102916,-0.481544,-0.870358,0.246568,0.878525,-0.409143,0.0609606,0.982943,-0.173515,-0.166555,-0.986015,0.00574607,-0.94337,-0.271814,-0.190183,-0.283582,-0.494808,-0.821429,-0.214164,0.429004,0.877547,0.933022,0.359037,0.0236981]}}],"meshes":[{"aabb":{"min":[0.223478,-0.143784,0.542405],"max":[0.510386,0.142967,0.832379]},"vertices":0,"indices":[0,1,2,3,4,5,6,7,8,9,10,11,12,13,14,15,4,3,16,17,18,19,20,21,11,22,23,24,25,26,27,26,25,28,29,30,31,32,8,33,34,35,36,21,20,37,38,39,2,12,0,40,41,36,24,26,42,43,32,31,44,45,46,14,0,12,30,17,28,47,4,15,48,17,30,19,49,48,50,7,51,52,39,38,33,10,34,53,18,49,5,54,3,55,50,51,18,53,56,19,21,57,15,3,55,3,54,55,45,33,46,58,59,22,39,36,37,60,47,15,26,23,22,26,43,42,13,12,61,2,61,12,26,27,23,17,16,28,40,2,41,2,1,62,55,54,50,42,63,24,33,11,10,45,58,33,4,30,29,30,4,48,13,61,52,7,6,51,34,1,35,57,56,53,42,7,63,42,43,31,20,19,48,47,48,4,22,43,26,43,22,59,37,55,38,51,38,55,9,16,10,64,28,16,8,32,44,8,14,13,60,15,37,15,55,37,35,1,0,0,44,46,10,18,34,16,18,10,52,51,6,51,52,38,6,8,13,52,6,13,1,57,62,56,57,1,20,47,60,47,20,48,5,24,54,54,24,63,44,32,45,45,59,58,62,57,21,41,21,36,14,44,0,8,44,14,62,21,41,62,41,2,59,32,43,32,59,45,29,28,25,25,24,5,34,56,1,18,56,34,60,37,36,36,20,60,31,8,7,42,31,7,4,29,5,29,25,5,58,11,33,11,58,22,50,63,7,54,63,50,48,49,17,18,17,49,46,35,0,46,33,35,39,40,36,52,61,39,53,49,19,57,53,19,27,25,28,64,27,28,39,61,40,40,61,2,9,64,16,9,11,23,27,64,23,64,9,23],"type":"triangles","base":0,"count":378}],"meshInstances":[{"node":1,"mesh":0}]}}