{"model":{"version":3,"nodes":[{"name":"RootNode","position":[0,0,0],"rotation":[0,0,0],"scale":[0.01,0.01,0.01],"scaleCompensation":false},{"name":"LeftFire","position":[0,0,0],"rotation":[0,0,0],"scale":[1,1,1],"scaleCompensation":false}],"parents":[-1,0],"skins":[],"morphs":[],"vertices":[{"position":{"type":"float32","components":3,"data":[0.270971,-2.51333,-1.06609,0.149501,-2.55252,-0.913245,0.276785,-2.48407,-0.929179,0.399455,-2.92593,-0.754825,0.352628,-3.01834,-0.901774,0.441422,-3.01182,-0.926255,0.143672,-2.86511,-1.04551,0.220794,-2.97753,-0.994522,0.145602,-2.90775,-0.920867,0.512666,-2.90734,-1.08284,0.396893,-2.97809,-1.09033,0.456119,-2.83596,-1.15559,0.273177,-3.01251,-0.924987,0.315104,-2.93868,-0.764837,0.248395,-2.93651,-0.79607,0.381849,-2.58342,-0.72586,0.413307,-2.68603,-0.685035,0.46794,-2.60696,-0.742481,0.457428,-2.69236,-1.17717,0.328554,-2.68711,-1.19937,0.392208,-2.61597,-1.16725,0.544303,-2.64958,-0.781986,0.573533,-2.75591,-0.792364,0.612728,-2.70627,-0.887787,0.220951,-2.83775,-0.723594,0.342826,-2.84878,-0.696249,0.318481,-2.74937,-0.674932,0.0908748,-2.68115,-0.96998,0.0988545,-2.7969,-0.869069,0.128227,-2.6471,-0.81535,0.553217,-2.58796,-0.858843,0.561523,-2.58021,-0.952181,0.368871,-2.48165,-0.876084,0.491018,-2.51673,-0.884858,0.41875,-2.48354,-0.949798,0.293427,-2.87489,-1.15993,0.279542,-3.00834,-1.06571,0.192372,-2.85708,-1.11011,0.15678,-2.59818,-1.05258,0.596903,-2.65953,-0.999183,0.536478,-2.65363,-1.1047,0.542446,-2.58443,-1.03574,0.494757,-2.97625,-0.963731,0.460654,-3.00785,-1.03181,0.253153,-2.55986,-0.762553,0.28847,-2.49695,-0.854479,0.189388,-2.66516,-0.74083,0.152589,-2.76892,-0.762913,0.232017,-2.72283,-0.701441,0.59549,-2.84555,-0.908266,0.575062,-2.85011,-1.02905,0.601125,-2.74002,-1.0315,0.374244,-2.47904,-0.995063,0.40757,-2.54177,-1.10651,0.48576,-2.52285,-1.01287,0.318995,-3.15423,-0.953433,0.345156,-3.10485,-1.03825,0.262073,-3.04617,-1.00195,0.304981,-2.58339,-1.14667,0.269317,-2.75531,-1.19113,0.17732,-2.77888,-1.13472,0.202137,-2.64627,-1.14067,0.45569,-2.81482,-0.700905,0.526661,-2.89637,-0.807002,0.386004,-2.82018,-1.18331,0.30843,-2.64269,-0.692008,0.530966,-2.76657,-1.13219,0.193162,-2.92068,-0.826246,0.470475,-2.58213,-1.11383,0.108521,-2.72476,-1.05539,0.102127,-2.83006,-0.9663,0.500812,-2.7122,-0.718352,0.137492,-2.84272,-0.825216,0.310864,-3.197,-1.0093,0.339008,-2.51864,-0.79042,0.420967,-2.5475,-0.769256,0.498859,-2.57948,-0.788777,0.4232,-3.11407,-0.999835,0.352543,-3.22103,-0.974623,0.419654,-2.51256,-0.823387]},"normal":{"type":"float32","components":3,"data":[-0.359196,0.82384,-0.438481,-0.688456,0.721221,0.0766089,-0.303864,0.951999,-0.0369496,0.255561,-0.73492,0.628157,0.0269653,-0.726499,0.686638,0.404934,-0.658879,0.633961,-0.78775,-0.472911,-0.394722,-0.754058,-0.64284,-0.134735,-0.769862,-0.633804,0.0748687,0.638338,-0.500277,-0.585019,0.274293,-0.486062,-0.829763,0.383316,-0.346693,-0.85608,-0.542495,-0.725099,0.424181,-0.158309,-0.75756,0.633278,-0.38482,-0.744179,0.545996,0.0697444,0.569103,0.819303,0.218114,0.186074,0.95802,0.436366,0.438761,0.78554,0.375988,0.112508,-0.919769,-0.0575828,0.174144,-0.983035,0.168672,0.468396,-0.867269,0.771489,0.313136,0.553851,0.818004,-0.147216,0.556055,0.976055,0.14419,0.16287,-0.45817,-0.400484,0.793532,-0.0453063,-0.426247,0.903472,-0.0791487,-0.0769919,0.993885,-0.976904,0.211636,-0.0294642,-0.962704,-0.112679,0.245976,-0.8575,0.316216,0.405834,0.804365,0.518198,0.290633,0.812156,0.58323,-0.0156897,0.0771934,0.976596,0.200753,0.516036,0.833028,0.199429,0.3185,0.947829,-0.0133068,-0.200452,-0.435132,-0.877769,-0.583602,-0.490805,-0.64693,-0.558657,-0.457057,-0.692099,-0.738264,0.54333,-0.399697,0.917615,0.319912,-0.235878,0.728321,0.283918,-0.62365,0.720914,0.563194,-0.403852,0.802646,-0.592306,0.0702331,0.685672,-0.506582,-0.522712,-0.433059,0.662031,0.611699,-0.341783,0.877201,0.337197,-0.573407,0.308467,0.758981,-0.768815,-0.0709754,0.63552,-0.447401,0.0344218,0.893671,0.919171,-0.380382,0.102147,0.854546,-0.413682,-0.314036,0.950174,-0.0449387,-0.308464,0.0595334,0.962521,-0.264593,0.152028,0.791814,-0.591539,0.488156,0.825465,-0.283392,-0.370018,-0.397333,0.83977,0.086451,-0.447191,-0.890251,-0.925296,-0.377814,0.0329184,-0.174819,0.576118,-0.798453,-0.304692,-0.0943967,-0.947762,-0.64035,-0.152011,-0.752891,-0.54387,0.341048,-0.766741,0.407191,-0.286561,0.867224,0.643732,-0.593432,0.483164,0.120077,-0.275382,-0.953806,-0.191724,0.356163,0.914544,0.699032,-0.13024,-0.70313,-0.624617,-0.667054,0.406068,0.482146,0.559193,-0.674418,-0.877683,0.0309783,-0.47824,-0.957747,-0.258271,-0.126558,0.573095,0.112931,0.811671,-0.76929,-0.440707,0.46257,-0.459897,-0.55405,-0.693919,-0.0332122,0.826921,0.561336,0.324436,0.738669,0.590855,0.564253,0.64286,0.518025,0.610136,-0.48943,-0.62305,0.562686,-0.591534,0.57747,0.248451,0.874031,0.417543]}}],"meshes":[{"aabb":{"min":[0.0908748,-3.22103,-1.19937],"max":[0.612728,-2.47904,-0.674932]},"vertices":0,"indices":[0,1,2,3,4,5,6,7,8,9,10,11,12,13,14,15,16,17,18,19,20,21,22,23,24,25,26,27,28,29,30,23,31,32,33,34,35,36,37,38,27,1,39,40,41,42,43,9,1,44,45,46,47,48,22,49,23,49,50,51,52,53,0,33,54,34,7,12,8,4,55,5,56,36,35,55,12,57,0,53,58,59,60,61,26,25,62,62,3,63,18,64,19,59,35,60,46,65,44,65,16,15,66,9,11,51,50,66,28,47,29,8,12,67,41,40,68,54,53,52,3,5,63,49,42,50,1,29,44,27,29,1,63,42,49,63,49,22,61,60,69,69,6,70,71,22,21,62,63,22,64,10,35,64,35,59,72,67,24,14,13,24,58,61,0,0,38,1,12,4,13,12,55,4,52,0,2,52,2,32,60,6,69,36,6,37,24,13,25,25,3,62,39,51,40,23,49,51,36,7,6,36,73,57,44,65,15,45,44,74,56,73,36,73,55,57,21,23,30,75,76,33,9,43,10,56,77,73,26,62,16,71,62,22,58,19,61,20,19,58,8,67,72,27,70,28,74,44,15,15,17,75,40,18,68,51,66,40,13,4,3,25,13,3,66,11,18,40,66,18,46,48,65,26,16,65,6,8,70,70,8,28,76,30,33,33,30,31,48,24,26,48,26,65,5,78,42,63,5,42,19,59,61,19,64,59,16,71,17,16,62,71,28,8,72,28,72,47,55,78,5,78,55,73,41,68,54,33,31,54,0,61,38,61,69,38,72,24,47,47,24,48,10,77,56,10,56,35,79,33,32,45,74,32,50,42,9,50,9,66,36,57,7,7,57,12,76,21,30,17,71,21,53,20,58,18,20,68,42,78,77,77,78,73,12,14,67,67,14,24,37,6,60,35,37,60,2,1,45,2,45,32,31,39,41,31,41,54,43,77,10,42,77,43,69,27,38,69,70,27,68,20,53,54,68,53,74,15,75,32,74,79,32,34,52,34,54,52,18,11,64,11,10,64,75,17,76,17,21,76,79,75,33,74,75,79,29,46,44,29,47,46,23,39,31,23,51,39],"type":"triangles","base":0,"count":468}],"meshInstances":[{"node":1,"mesh":0}]}}