{"model":{"version":3,"nodes":[{"name":"RootNode","position":[0,0,0],"rotation":[0,0,0],"scale":[0.01,0.01,0.01],"scaleCompensation":false},{"name":"Arm","position":[0,0,0],"rotation":[0,0,0],"scale":[1,1,1],"scaleCompensation":false}],"parents":[-1,0],"skins":[],"morphs":[],"vertices":[{"position":{"type":"float32","components":3,"data":[1.01009,-1.4771,-0.263956,0.999019,-1.54221,-0.269279,0.813126,-1.49454,-0.296317,0.299402,-1.56904,-0.0469171,0.34718,-1.37679,0.146133,0.381543,-1.23853,-0.279715,1.29828,-1.42912,0.0280049,1.29428,-1.37588,-0.0165624,0.980676,-1.35415,0.02278,0.321598,-1.5167,0.0681894,0.559786,-1.62009,-0.00346859,0.991018,-1.30759,-0.0336569,0.634171,-1.19347,-0.0038201,0.66667,-1.25033,0.0603807,0.814161,-1.41754,-0.292314,0.536477,-1.27741,-0.261317,0.855846,-1.3604,-0.26644,0.312291,-1.55978,-0.162799,0.509918,-1.60843,-0.165313,0.346644,-1.38135,-0.313352,1.85394,-1.87929,-0.0866021,1.90052,-1.75258,-0.0905675,1.87712,-1.77912,0.0373318,1.64717,-1.78976,0.114919,1.57417,-1.68601,0.0900658,1.55104,-1.74524,0.0664647,0.926391,-1.6356,-0.200047,0.702122,-1.54114,-0.268293,0.951112,-1.59126,-0.244964,1.71416,-1.8895,0.0328103,1.83736,-1.87102,-0.00317341,1.84242,-1.80525,0.0740784,0.885402,-1.6513,0.0570467,0.874874,-1.587,0.0876234,0.635988,-1.53123,0.100058,0.556946,-1.35161,0.139585,0.398805,-1.2276,0.0881468,0.369744,-1.30385,0.1406,1.0435,-1.32708,-0.147179,0.888017,-1.31695,-0.220713,0.856313,-1.26654,-0.156388,1.91785,-1.68981,-0.0835143,1.86079,-1.81408,-0.214144,1.85702,-1.68984,-0.278857,1.79916,-1.65056,-0.313079,1.58,-1.61701,-0.265527,1.79315,-1.5734,-0.291298,1.65424,-1.84792,-0.238236,1.42498,-1.79448,-0.14687,1.4003,-1.75226,-0.196328,1.47667,-1.59632,0.0668701,1.43527,-1.52641,0.0532655,1.26975,-1.48291,0.0585581,0.932259,-1.53276,0.0890236,0.869697,-1.45059,0.0862251,0.715825,-1.47375,0.111177,1.63051,-1.84775,0.0598755,1.4737,-1.77277,0.0145104,1.60768,-1.87839,-0.172652,1.56096,-1.88242,-0.0936332,1.44963,-1.81489,-0.0887693,1.57961,-1.55401,-0.2422,1.49794,-1.48527,-0.199323,1.54487,-1.45936,-0.146468,1.76798,-1.50753,-0.228575,1.6885,-1.4961,0.0680934,1.66884,-1.444,-0.00207626,1.55484,-1.45356,-0.0233843,1.7853,-1.47339,-0.164,1.43774,-1.70953,-0.235956,1.74966,-1.79058,-0.29369,0.523408,-1.15136,-0.0784169,1.02221,-1.30329,-0.0879925,0.40341,-1.15953,-0.0330295,1.83268,-1.80616,-0.260606,1.83633,-1.87234,-0.173234,1.76245,-1.86705,-0.235353,1.71354,-1.92016,-0.0956173,1.73828,-1.9061,-0.173926,0.317842,-1.51928,-0.234026,1.83278,-1.5263,0.0631207,1.71882,-1.56522,0.122517,1.86261,-1.62293,0.104135,1.68512,-1.71641,0.151385,1.71609,-1.80732,0.113663,1.84115,-1.74365,0.105883,1.86659,-1.54846,0.0230687,1.85559,-1.58002,-0.250813,1.86961,-1.54227,-0.120242,1.1185,-1.73992,-0.16964,0.535925,-1.62743,-0.0888615,1.51494,-1.49163,0.0233343,1.59853,-1.62043,0.0964433,1.5522,-1.54801,0.0619216,1.1156,-1.70131,-0.226897,1.12116,-1.60214,-0.280454,1.27125,-1.67238,-0.241931,1.50569,-1.6676,-0.25804,1.30833,-1.61314,-0.259111,1.16483,-1.51324,-0.276324,1.07016,-1.6819,0.032324,1.44915,-1.71373,0.0498119,1.04519,-1.72417,-0.0175484,1.25374,-1.78198,-0.086385,1.26423,-1.37287,-0.15127,1.29007,-1.36154,-0.0826089,0.911235,-1.68965,-0.0770195,1.03664,-1.73522,-0.0918907,1.53148,-1.44339,-0.0930975,1.78058,-1.457,-0.0911362,0.408493,-1.18823,-0.183214,0.515893,-1.21007,-0.208785,1.78741,-1.72239,-0.313337,1.11588,-1.52341,0.0723723,1.06861,-1.62265,0.0619944,1.05196,-1.36835,-0.200199,1.44963,-1.52612,-0.238331,1.38279,-1.57096,-0.258508,1.24183,-1.46295,-0.253987,1.47302,-1.81104,-0.0360453,0.502773,-1.17042,-0.00834066,0.867395,-1.68035,-0.00196025,0.681588,-1.59009,-0.217977,0.711371,-1.63347,-0.153315,1.83302,-1.49047,-0.0506859,1.77013,-1.46527,-0.00515394,0.922332,-1.39475,0.0586699,0.613854,-1.29646,0.106628,0.502129,-1.42389,-0.306823,0.548147,-1.35632,-0.29268,0.371163,-1.29939,-0.312019,0.510111,-1.56721,-0.233761,0.496343,-1.49946,-0.285995,0.336335,-1.4589,-0.286822,1.47225,-1.65815,0.0672086,1.19976,-1.59591,0.0729188,1.46563,-1.43796,-0.0265763,0.332525,-1.45347,0.119074,0.530127,-1.57042,0.065174,0.527872,-1.50618,0.11817,1.83279,-1.49549,-0.158171,1.83073,-1.52121,-0.229307,1.59019,-1.87631,-0.0141075,1.8221,-1.66341,0.124666,1.70002,-1.63301,0.147126,0.520843,-1.42486,0.145494,0.917123,-1.66985,-0.145634,1.02475,-1.41799,-0.240261,1.11641,-1.43726,0.0512475,1.24202,-1.40849,-0.210722,0.578491,-1.18333,-0.151278]},"normal":{"type":"float32","components":3,