{"model":{"version":3,"nodes":[{"name":"RootNode","position":[0,0,0],"rotation":[0,0,0],"scale":[0.01,0.01,0.01],"scaleCompensation":false},{"name":"Neck","position":[0,0,0],"rotation":[0,0,0],"scale":[1,1,1],"scaleCompensation":false}],"parents":[-1,0],"skins":[],"morphs":[],"vertices":[{"position":{"type":"float32","components":3,"data":[0.0585025,-1.19906,-0.135593,0.0725741,-1.19906,-0.108585,0.0315131,-1.19906,-0.114249,0.0537518,-1.19906,-0.0834001,0.0829184,-0.87594,-0.0915845,0.0833584,-0.87594,-0.133921,0.0591903,-0.87594,-0.0971633,0.04105,-0.87594,-0.121039,0.0346874,-0.87594,-0.0799099,0.0135444,-0.87594,-0.105139,0.0689332,-0.87594,-0.0532599,-0.000470949,-0.87594,-0.203251,-0.0279794,-0.87594,-0.190075,-0.00188323,-0.87594,-0.163769,0.0266161,-0.87594,-0.187268,-0.0125797,-1.19906,-0.167154,-0.0259872,-1.19906,-0.204194,0.0155269,-1.19906,-0.183137,0.0142775,-1.19906,-0.205458,0.0588142,-1.19906,-0.19105,0.0357355,-1.19906,-0.164035,0.0132172,-1.19906,-0.141381,-0.0269294,-0.87594,-0.0642609,0.0173124,-0.87594,-0.0652868,-0.0050834,-0.87594,-0.089705,-0.00613297,-0.87594,-0.0436405,0.0360739,-0.87594,-0.0270615,-0.00481435,-0.87594,-0.021916,-0.0855872,-1.19906,-0.11211,-0.0535866,-1.19906,-0.0904303,-0.0914723,-1.19906,-0.0799294,-0.0712814,-1.19906,-0.0571839,-0.0675823,-0.87594,-0.101659,-0.0907208,-0.87594,-0.0995863,-0.0794247,-0.87594,-0.0597503,-0.0485606,-0.87594,-0.0834781,-0.0513734,-0.87594,-0.125733,-0.0252226,-0.87594,-0.106851,-0.0876732,-0.87594,-0.140175,0.0341431,-1.19906,-0.0607256,-0.00134986,-1.19906,-0.0805624,0.0150054,-1.19906,-0.0965914,0.00188709,-1.19906,-0.0523756,-0.0199359,-1.19906,-0.09827,-0.00510751,-1.19906,-0.121827,-0.0314354,-1.19906,-0.0626466,-0.041841,-1.19906,-0.0255629,0.00642402,-1.19906,-0.0150186,-0.0458063,-1.19906,-0.12214,-0.08217,-1.19906,-0.147487,-0.0330588,-1.19906,-0.149714,-0.0603085,-1.19906,-0.181858,-0.101793,-1.19906,-0.158963,-0.0739806,-1.19906,-0.199153,-0.0303327,-1.19906,-0.223956,-0.084234,-1.19906,-0.212621,-0.0340103,-1.19906,-0.239463,0.018949,-1.19906,-0.226581,0.0225915,-1.19906,-0.240957,0.0700412,-1.19906,-0.204719,0.0801816,-1.19906,-0.216513,0.107066,-1.19906,-0.158939,0.121506,-1.19906,-0.165071,0.090324,-1.19906,-0.151669,0.117082,-1.19906,-0.103396,0.0947013,-1.19906,-0.105157,0.0845075,-1.19906,-0.0635664,0.101293,-1.19906,-0.0530204,0.0528375,-1.19906,-0.0299467,0.0628513,-1.19906,-0.0138988,0.0082011,-1.19906,0.00514508,0.0709401,-1.19906,-0.000330305,0.00948826,-1.19906,0.0213884,-0.0541868,-1.19906,0.0088251,-0.0485791,-1.19906,-0.00669869,-0.0871108,-1.19906,-0.039855,-0.100142,-1.19906,-0.0278147,-0.125144,-1.19906,-0.0708095,-0.106348,-1.19906,-0.0775799,-0.129127,-1.19906,-0.118581,-0.110184,-1.19906,-0.116579,-0.116408,-1.19906,-0.167301,-0.143296,-1.19584,-0.119941,-0.128292,-1.19628,-0.174692,-0.0938265,-1.19782,-0.225397,-0.133302,-1.18277,-0.178406,-0.0982256,-1.18374,-0.231948,-0.0378175,-1.18267,-0.258252,-0.0372147,-1.1955,-0.252464,0.025809,-1.19513,-0.253273,0.0273895,-1.18172,-0.258008,0.0886236,-1.19528,-0.226414,0.0923402,-1.18193,-0.230085,0.135634,-1.19772,-0.170912,0.142712,-1.184,-0.173414,0.146378,-1.19574,-0.101194,0.152374,-1.18327,-0.100122,0.132891,-1.19906,-0.101859,0.124953,-1.19586,-0.0382336,0.113789,-1.19906,-0.0452161,0.0776984,-1.19573,0.0110865,0.129497,-1.18257,-0.0350913,0.0805059,-1.18289,0.0158196,0.0120904,-1.18386,0.0444429,0.010925,-1.19648,0.0360787,-0.059023,-1.19528,0.021866,-0.0609342,-1.18237,0.0282632,-0.109532,-1.19486,-0.017953,-0.113401,-1.18226,-0.0132237,-0.147942,-1.18446,-0.0617816,-0.139802,-1.19642,-0.0652682,-0.150077,-1.183,-0.12085,-0.150989,-1.16635,-0.121395,-0.148618,-1.1673,-0.0599559,-0.133437,-1.16638,-0.179754,-0.150882,-1.13104,-0.121605,-0.129628,-1.13037,-0.185593,-0.0974205,-1.16616,-0.233248,-0.0898806,-1.12947,-0.236527,-0.0360501,-1.16604,-0.259709,-0.0281266,-1.12953,-0.262737,0.0284095,-1.16528,-0.258481,0.0362656,-1.1303,-0.25644,0.0938182,-1.16575,-0.229632,0.101284,-1.13017,-0.222118,0.14402,-1.16764,-0.172629,0.145756,-1.13023,-0.1631,0.153374,-1.16725,-0.0981268,0.153799,-1.13036,-0.0912299,0.129818,-1.16663,-0.0343227,0.126811,-1.13153,-0.0296236,0.0807606,-1.16702,0.0165614,0.0772075,-1.13203,0.0184394,0.0128412,-1.16716,0.0457808,0.01118,-1.1316,0.0458617,-0.0581708,-1.1315,0.0297282,-0.060994,-1.16625,0.0291021,-0.110455,-1.13187,-0.00899076,-0.113164,-1.16568,-0.012048,-0.148106,-1.13104,-0.0566941,-0.109167,-1.06746,-0.00753521,-0.147678,-1.06674,-0.0569384,-0.151131,-1.06647,-0.126751,-0.147729,-0.999769,-0.064876,-0.151641,-0.99933,-0.135052,-0.124055,-1.06587,-0.19417,-0.120866,-0.99863,-0.199086,-0.08144,-1.06551,-0.239812,-0.0702275,-0.998582,-0.244406,-0.0175541,-1.06565,-0.266627,-0.00850921,-0.998987,-0.26981,0.0544028,-1.0658,-0.251583,0.0560161,-0.998947,-0.251068,0.10633,-1.06619,-0.216336,0.113326,-0.998771,-0.207855,0.1476,-1.0662,-0.151319,0.148226,-0.999583,-0.149207,0.154149,-1.0666,-0.0808525,0.15357,-1.00009,-0.0803552,0.122675,-1.06716,-0.0229396,0.121508,-1.00075,-0.0214161,0.0725243,-1.06794,0.0211282,0.0675904,-1.00091,0.0237594,0.0103528,-1.06799,0.0463524,0.00545364,-1.00095,0.0456393,-0.0569346,-1.06781,0.0299135,-0.0597547,-1.00064,0.029413,-0.113872,-1.00013,-0.0129343,-0.0686863,-0.938285,0.0272534,-0.120685,-0.937174,-0.0207647,-0.148108,-0.937163,-0.077257,-0.12483,-0.90557,-0.0254601,-0.148514,-0.903619,-0.0853495,-0.152552,-0.937405,-0.147208,-0.149443,-0.904433,-0.154315,-0.113718,-0.935691,-0.209535,-0.111072,-0.903777,-0.213197,-0.060709,-0.935208,-0.248179,-0.0579244,-0.90169,-0.249028,-0.00239499,-0.935521,-0.268836,0.000995783,-0.899779,-0.268005,0.0607562,-0.935345,-0.24924,0.0614239,-0.902153,-0.248456,0.113241,-0.935731,-0.20793,0.112785,-0.903014,-0.209056,0.148834,-0.936255,-0.149007,0.149433,-0.902697,-0.148585,0.152699,-0.936517,-0.078358,0.152342,-0.901124,-0.0756832,0.119039,-0.937617,-0.017255,0.116967,-0.903426,-0.0141905,0.0639767,-0.937987,0.025827,0.0610107,-0.904152,0.0272519,-0.000581749,-0.938537,0.0445078,-0.00472169,-0.905278,0.0436653,-0.0736012,-0.905316,0.0261316,-0.00625532,-0.888474,0.0435529,-0.0750816,-0.888947,0.0258989,-0.125061,-0.889365,-0.0256672,-0.0724322,-0.877473,0.0193316,-0.121421,-0.877904,-0.0285922,-0.148593,-0.888639,-0.087552,-0.143699,-0.877607,-0.0895661,-0.148337,-0.887922,-0.155746,-0.140168,-0.877132,-0.154439,-0.105366,-0.87766,-0.209285,-0.110616,-0.888014,-0.213418,-0.0577031,-0.886591,-0.249038,-0.0546171,-0.876832,-0.242479,0.00129611,-0.883835,-0.26849,0.00104543,-0.876462,-0.257009,0.0606017,-0.886771,-0.248758,0.0569514,-0.87708,-0.242247,0.106639,-0.87708,-0.205799,0.112356,-0.88742,-0.209552,0.149754,-0.886458,-0.149825,0.140764,-0.876338,-0.148172,0.152482,-0.885531,-0.0760232,0.144189,-0.876692,-0.0781601,0.116798,-0.887722,-0.0137348,0.112539,-0.877394,-0.0170335,0.0608366,-0.888296,0.0274797,0.0588176,-0.877563,0.0232432,-0.0070232,-0.877556,0.0387414,-0.00626965,-0.875982,0.0233445,0.0527468,-0.876006,0.00984074,-0.0652167,-0.875962,0.00506033,-0.00567751,-0.875941,0.00550091,-0.0576158,-0.875941,-0.00939577,-0.109866,-0.876022,-0.0373167,-0.0969139,-0.875941,-0.047083,-0.1297,-0.875972,-0.0921205,-0.114393,-0.875941,-0.0951324,-0.125123,-0.875953,-0.150542,-0.108972,-0.87594,-0.146227,-0.0936275,-0.875999,-0.199669,-0.0811054,-0.875941,-0.188861,-0.0484054,-0.875961,-0.229322,-0.0403999,-0.87594,-0.212913,0.000829059,-0.875947,-0.240939,0.000652591,-0.87594,-0.220776,0.041128,-0.87594,-0.211507,0.0502572,-0.875957,-0.228918,0.0809776,-0.87594,-0.186033,0.0945884,-0.875949,-0.196838,0.107836,-0.875941,-0.139831,0.124886,-0.875952,-0.144174,0.128689,-0.875985,-0.0816012,0.111975,-0.875944,-0.0854558,0.0882465,-0.875946,-0.037257,0.100928,-0.876016,-0.0262552,0.0458651,-0.875945,-0.00488932,0.0589682,-0.87594,-0.169462,0.0243692,-0.87594,-0.145153,-0.00408578,-0.87594,-0.12642,-0.0312857,-0.87594,-0.148221,-0.0632606,-0.87594,-0.173953,-0.0470548,-0.87594,-0.0294107]},