{"model":{"version":3,"nodes":[{"name":"RootNode","position":[0,0,0],"rotation":[0,0,0],"scale":[0.01,0.01,0.01],"scaleCompensation":false},{"name":"Bun","position":[0,0,0],"rotation":[0,0,0],"scale":[1,1,1],"scaleCompensation":false}],"parents":[-1,0],"skins":[],"morphs":[],"vertices":[{"position":{"type":"float32","components":3,"data":[-0.132694,0.394209,-0.811104,0.109795,0.348079,-0.849919,-0.0220209,0.538402,-0.686607,0.0213412,0.775705,-1.30863,0.183267,0.62018,-1.32297,0.0279628,0.619328,-1.35547,-0.177754,0.70568,-1.30786,-0.106364,0.267728,-1.0879,-0.00134181,0.26407,-0.998959,-0.23137,0.336009,-0.962258,0.288845,0.838492,-0.747881,0.384849,0.856514,-0.951585,0.228761,0.988618,-0.842331,-0.0102516,0.976887,-0.723613,-0.123497,1.05066,-0.865333,-0.190666,0.948669,-0.752899,0.33142,0.614903,-0.789516,0.364398,0.484144,-0.933944,0.409809,0.654543,-0.896099,0.228972,0.338821,-1.17379,0.361351,0.491217,-1.15943,0.352405,0.425625,-1.04557,-0.253145,0.973797,-1.02319,-0.308261,0.931695,-0.875466,-0.385824,0.482662,-0.998544,-0.389809,0.550898,-1.13867,-0.28439,0.396872,-1.18597,-0.421456,0.619426,-0.96221,-0.112089,0.703295,-0.660884,-0.235926,0.576666,-0.734599,0.15658,0.970545,-1.12364,0.26085,0.969675,-1.0098,0.308316,0.849135,-1.14326,-0.160347,0.955616,-1.14053,-0.0159493,1.05193,-1.02277,0.0124279,0.945357,-1.19225,0.113812,0.340639,-1.26027,0.0603953,0.266376,-1.13773,-0.1042,0.293441,-1.20435,-0.136806,0.535954,-1.3358,-0.113327,0.387407,-1.29875,-0.280906,0.493185,-1.25206,0.362718,0.764256,-0.820097,0.0882643,0.746648,-0.645986,0.428157,0.6178,-1.00399,-0.336282,0.669022,-0.784283,-0.323411,0.837849,-0.803511,-0.405006,0.738642,-0.888016,0.0235761,0.460404,-1.34239,0.21331,0.460796,-1.28931,0.0714775,1.0494,-0.831191,0.158553,1.03264,-0.959004,0.190932,0.297654,-1.044,0.165165,0.488559,-0.748621,0.286096,0.478579,-0.833513,-0.361781,0.578324,-0.849101,-0.289318,0.360341,-1.09429,-0.29711,0.466496,-0.854917,0.408844,0.698655,-1.10481,0.324459,0.640519,-1.23373,0.192302,0.806789,-1.25731,-0.366136,0.859991,-1.01553,-0.296911,0.823346,-1.18018,-0.415233,0.716143,-1.08307,-0.300159,0.624788,-1.25473,0.220772,0.637883,-0.708254,-0.125462,0.839726,-1.25433,0.12524,0.92539,-0.701957,-0.08315,0.874298,-0.669592,0.268901,0.377234,-0.941855,-0.249337,0.784441,-0.711948,-0.0379846,0.31919,-0.884704]},"normal":{"type":"float32","components":3,"data":[-0.235546,-0.656214,0.716869,0.195913,-0.760664,0.618877,-0.00965339,-0.435709,0.900036,0.0478614,0.41613,-0.908045,0.330728,0.103561,-0.938027,-0.00640069,0.117963,-0.992997,-0.301273,0.276877,-0.912455,-0.273717,-0.961642,-0.0179841,0.0112926,-0.964723,0.263023,-0.455514,-0.823573,0.337985,0.609491,0.277865,0.742504,0.881276,0.469399,0.0549357,0.571169,0.743433,0.347956,-0.0739478,0.723439,0.686417,-0.296763,0.934549,0.196339,-0.442507,0.60342,0.66338,0.674829,-0.241037,0.697501,0.817182,-0.445946,0.365166,0.934227,-0.0591515,0.35174,0.561345,-0.730526,-0.388874,0.826454,-0.315629,-0.46621,0.789065,-0.613868,-0.0232759,-0.502622,0.823951,-0.261679,-0.713491,0.66518,0.220148,-0.846668,-0.519357,0.11585,-0.899841,-0.216612,-0.378636,-0.671635,-0.57378,-0.468703,-0.985891,-0.136962,0.0962281,-0.211081,-0.0957915,0.972764,-0.423997,-0.35225,0.834354,0.308361,0.784306,-0.53831,0.598008,0.76969,-0.223527,0.655737,0.529151,-0.538524,-0.29588,0.757796,-0.581549,-0.0515386,0.953353,-0.297426,0.0303332,0.703381,-0.710166,0.167252,-0.691924,-0.70233,0.14171,-0.963718,-0.226199,-0.234052,-0.847694,-0.476062,-0.291552,-0.0813678,-0.953088,-0.253372,-0.523439,-0.813519,-0.583688,-0.272973,-0.764718,0.849446,0.151258,0.505532,0.17281,0.0110388,0.984893,0.992179,-0.12353,-0.0179116,-0.72029,-0.0504982,0.691832,-0.73484,0.321116,0.597406,-0.939264,0.204428,0.275666,0.0968231,-0.265451,-0.95925,0.497665,-0.312154,-0.809253,0.14626,0.940752,0.30593,0.305594,0.942069,-0.13827,0.399569,-0.906081,0.139149,0.318738,-0.494379,0.8087,0.536994,-0.572378,0.619694,-0.795987,-0.309257,0.520351,-0.596668,-0.796893,-0.0945948,-0.592104,-0.577302,0.562259,0.904165,0.18493,-0.385079,0.662565,0.117318,-0.73976,0.352598,0.477817,-0.804591,-0.835825,0.525747,-0.158071,-0.595687,0.490566,-0.636005,-0.917571,0.205563,-0.340305,-0.649566,0.107285,-0.752697,0.37808,-0.200601,0.903778,-0.232152,0.550015,-0.80224,0.272876,0.500588,0.821553,-0.142651,0.2861,0.947522,0.544935,-0.745353,0.38405,-0.494557,0.113421,0.861713,-0.134108,-0.856018,0.499247]}}],"meshes":[{"aabb":{"min":[-0.421456,0.26407,-1.35547],"max":[0.428157,1.05193,-0.645986]},"vertices":0,"indices":[0,1,2,3,4,5,3,5,6,7,8,9,10,11,12,13,14,15,16,17,18,19,20,21,14,22,23,24,25,26,25,24,27,2,28,29,30,31,32,33,34,35,36,37,38,39,40,41,42,10,16,2,43,28,44,21,20,32,31,11,45,46,47,15,14,23,48,4,49,40,48,36,13,50,14,51,30,34,52,19,21,53,1,54,24,55,27,24,56,9,24,9,57,2,29,0,20,58,44,32,59,60,61,62,63,6,39,64,65,43,2,53,2,1,66,33,35,64,62,6,12,67,10,65,10,43,64,63,62,41,26,25,43,10,67,68,43,67,20,59,58,49,59,20,47,61,63,47,46,23,69,1,52,8,7,37,14,34,22,34,14,50,40,36,38,26,41,40,12,11,31,51,34,50,56,7,9,26,40,38,58,11,44,11,10,42,61,22,62,62,33,66,70,29,28,13,15,68,59,32,58,32,11,58,25,27,63,64,25,63,0,71,1,52,1,8,35,3,66,60,30,32,0,9,71,9,0,57,44,18,17,18,44,11,6,5,39,5,4,48,15,70,68,23,46,15,65,2,53,16,53,54,40,39,48,48,39,5,47,23,61,23,22,61,52,21,69,21,44,17,38,56,26,24,26,56,68,28,43,68,70,28,49,36,48,19,49,20,62,22,33,33,22,34,0,29,57,55,24,57,36,19,37,19,36,49,4,3,60,35,60,3,57,29,55,70,45,29,6,66,3,62,66,6,7,38,37,38,7,56,51,50,12,67,12,50,47,27,55,63,27,47,49,4,59,59,4,60,19,52,37,52,8,37,39,41,64,41,25,64,16,10,65,16,65,53,70,15,46,45,70,46,1,69,54,17,69,21,60,35,30,30,35,34,69,17,54,16,54,17,67,50,13,67,13,68,55,29,45,47,55,45,30,51,31,12,31,51,8,71,9,71,8,1,11,42,18,42,16,18],"type":"triangles","base":0,"count":420}],"meshInstances":[{"node":1,"mesh":0}]}}