{"model":{"version":3,"nodes":[{"name":"RootNode","position":[0,0,0],"rotation":[0,0,0],"scale":[0.01,0.01,0.01],"scaleCompensation":false},{"name":"Leg1","position":[0,0,0],"rotation":[0,0,0],"scale":[1,1,1],"scaleCompensation":false}],"parents":[-1,0],"skins":[],"morphs":[],"vertices":[{"position":{"type":"float32","components":3,"data":[-0.21695,-2.67403,0.08153,-0.162276,-2.95083,-0.00320152,-0.16396,-2.21978,-0.0156628,-0.242127,-2.22336,-0.305374,-0.260685,-2.54203,-0.310474,-0.393901,-2.5981,-0.377264,-0.531461,-3.32386,0.101014,-0.580341,-3.07329,0.0428544,-0.584545,-3.35033,0.0478327,-0.520799,-2.18889,0.148049,-0.389895,-2.60767,0.184597,-0.366509,-2.17422,0.154023,-0.674283,-2.25135,-0.187432,-0.62588,-2.24867,-0.274746,-0.59745,-2.75743,-0.268443,-0.231189,-2.13348,-0.124061,-0.515671,-2.13758,-0.270734,-0.53811,-2.13285,0.0491248,-0.217421,-3.64238,-0.080989,-0.24755,-3.54085,0.139204,-0.398286,-3.69953,0.381635,-0.403985,-3.41181,-0.249403,-0.383748,-3.11691,-0.322454,-0.306407,-3.42217,-0.231544,-0.23121,-2.17045,0.0918998,-0.398172,-2.14727,-0.329058,-0.255494,-2.15233,-0.269195,-0.408395,-3.7408,0.209086,-0.440646,-3.71069,-0.213553,-0.284998,-3.70326,-0.118675,-0.551036,-3.42552,0.188854,-0.629303,-3.43705,0.0633236,-0.665607,-3.53815,0.456201,-0.55536,-3.41525,-0.182636,-0.576522,-3.65298,-0.173301,-0.660306,-3.60808,-0.000338588,-0.489747,-3.4043,-0.227507,-0.471239,-3.13142,-0.29002,-0.539238,-2.20599,-0.337031,-0.520897,-2.67323,-0.345131,-0.390727,-2.21697,-0.370693,-0.724284,-3.60843,0.312995,-0.531689,-3.75294,0.267712,-0.648562,-3.70211,0.0742291,-0.695834,-3.68899,0.305703,-0.551334,-3.68092,0.473746,-0.39715,-3.5776,0.458528,-0.516356,-3.6063,0.560093,-0.30071,-2.63228,0.150213,-0.440658,-3.43217,0.227838,-0.561551,-3.53144,0.560075,-0.327395,-3.45752,0.1896,-0.595887,-3.37688,-0.114132,-0.60769,-3.36982,-0.0285484,-0.604174,-3.09815,-0.040658,-0.152544,-2.19573,-0.122193,-0.174162,-2.19128,-0.208256,-0.178636,-2.43294,-0.228099,-0.29967,-3.33716,0.109834,-0.36373,-3.11324,0.155603,-0.421811,-3.31479,0.144953,-0.47057,-2.8344,0.202719,-0.490992,-3.06262,0.141939,-0.202239,-3.3263,-0.0896196,-0.264877,-3.09823,-0.302177,-0.187064,-3.00388,-0.208046,-0.225064,-3.3684,-0.152706,-0.148047,-2.94038,-0.113891,-0.625286,-2.15066,-0.207155,-0.646438,-2.77003,-0.168002,-0.598345,-3.05873,-0.131162,-0.649497,-2.81047,-0.0393067,-0.416414,-2.91061,-0.294395,-0.501663,-2.93962,-0.269825,-0.276552,-3.64208,-0.200425,-0.383128,-3.63779,-0.260452,-0.548841,-2.86111,0.164244,-0.187959,-2.62969,-0.200082,-0.20885,-3.35213,-0.0158725,-0.208635,-2.95894,0.0896187,-0.296514,-2.87027,0.183653,-0.281764,-3.10574,0.126434,-0.635377,-3.59678,0.54473,-0.314753,-2.90334,-0.283037,-0.487419,-3.63322,-0.245174,-0.244799,-3.36871,0.0566644,-0.552636,-2.99474,-0.229756,-0.479393,-2.63072,0.173276,-0.563187,-2.59331,0.133829,-0.666179,-2.18851,0.00376113,-0.678995,-2.42062,-0.0683181,-0.609988,-2.82526,0.0646129,-0.301808,-2.13447,0.0267503,-0.37639,-2.86436,0.212476]},"normal":{"type":"float32","components":3,"data":[0.794668,0.0265086,0.606466,0.946217,-0.0294183,0.322194,0.950006,0.028268,0.310948,0.562294,0.0536198,-0.825197,0.609752,-0.0728888,-0.789234,0.130481,-0.0719364,-0.988838,-0.573515,0.202881,0.793674,-0.836464,-0.0888117,0.540778,-0.89017,0.186971,0.415498,-0.387925,0.158908,0.907889,0.0942944,0.0782966,0.992461,0.204385,0.324693,0.923472,-0.961777,0.0205095,-0.273064,-0.73339,0.018754,-0.67955,-0.782092,-0.115874,-0.612295,0.144,0.989336,-0.021857,-0.0688473,0.990918,-0.115505,-0.10835,0.988112,0.10906,0.918876,-0.389411,0.0634558,0.939296,-0.061427,0.337565,0.67007,-0.642451,0.371837,-0.0333712,-0.118171,-0.992432,-0.0465585,-0.0936707,-0.994514,0.44333,-0.147842,-0.884082,0.671386,0.259045,0.69436,0.0266758,0.907259,-0.419725,0.392691,0.763067,-0.513345,0.303661,-0.952066,0.0368866,-0.0720959,-0.968311,-0.239116,0.350623,-0.929882,-0.111281,-0.343691,0.878394,0.332117,-0.852939,0.521002,0.0324286,-0.632465,0.740747,0.226456,-0.794169,-0.0109759,-0.607598,-0.765916,-0.2832,-0.577209,-0.959917,0.0081202,-0.280167,-0.461138,-0.0667201,-0.884816,-0.528659,-0.0904194,-0.844004,-0.367961,0.146848,-0.918172,-0.420756,-0.105754,-0.900988,0.133236,0.139206,-0.981259,-0.984768,0.17386,0.00219805,-0.120994,-0.991566,0.0464375,-0.489857,-0.852867,-0.180715,-0.666217,-0.73422,0.130671,-0.140549,-0.889693,0.434388,0.792834,0.261045,0.5507,0.360559,-0.467482,0.807129,0.495124,0.0557279,0.867033,0.064493,0.848998,0.524446,0.116854,0.878549,0.463137,0.552441,0.620054,0.557083,-0.946781,0.00657635,-0.321811,-0.990283,0.138877,-0.00726105,-0.990334,-0.0633621,0.123387,0.985446,0.1307,-0.108689,0.855595,0.30229,-0.420211,0.876222,-0.0372428,-0.480467,0.446782,0.0506814,0.893206,0.0522258,-0.154486,0.986614,-0.00688561,0.164225,0.986399,-0.275454,-0.0772305,0.958207,-0.443322,-0.134162,0.886265,0.995951,-0.0897971,-0.00413458,0.592729,-0.101981,-0.798919,0.791673,-0.0565247,-0.608325,0.873257,-0.13381,-0.468527,0.994844,-0.0444127,-0.0911797,-0.553274,0.81141,-0.18842,-0.958075,-0.118223,-0.26099,-0.959007,-0.119098,-0.257139,-0.989043,-0.114708,0.092934,-0.0577921,-0.152951,-0.986542,-0.398542,-0.133241,-0.90742,0.690528,-0.274456,-0.669212,0.111918,-0.0972615,-0.988946,-0.710141,-0.109383,0.695511,0.902663,-0.0178307,-0.429979,0.958006,-0.100841,0.268432,0.809964,-0.0687909,0.582431,0.56774,0.0168844,0.823035,0.512232,-0.143624,0.846753,-0.679914,-0.422052,0.599658,0.366944,-0.0519011,-0.928794,-0.401629,-0.105793,-0.909671,0.774461,0.021513,0.632256,-0.769151,-0.119836,-0.62773,-0.241496,0.0675747,0.968046,-0.678609,0.0302145,0.733878,-0.876143,0.175905,0.44881,-0.992889,-0.0425995,0.111156,-0.897403,-0.061711,0.436874,0.0934496,0.977583,0.188678,0.102701,-0.0498902,0.99346]}}],"meshes":[{"aabb":{"min":[-0.724284,-3.75294,-0.377264],"max":[-0.148047,-2.13285,0.560093]},"vertices":0,"indices":[0,1,2,3,4,5,6,7,8,9,10,11,12,13,14,15,16,17,18,19,20,21,22,23,24,0,2,25,15,26,27,28,29,30,31,32,33,34,35,36,37,22,38,5,39,3,5,40,41,32,31,28,42,43,44,42,45,46,47,20,24,48,0,49,50,51,52,53,54,53,52,35,15,55,56,57,56,55,58,59,60,61,62,59,19,18,63,51,58,60,64,65,66,66,67,63,38,68,16,38,40,5,69,70,71,72,73,39,66,63,18,74,75,23,62,76,7,17,16,68,66,65,67,77,55,67,35,41,31,35,34,43,78,1,79,79,80,81,34,28,43,23,75,21,8,30,6,51,60,49,39,73,14,14,13,39,35,44,41,82,41,44,30,32,50,44,45,82,72,39,5,83,5,4,49,60,6,62,60,59,36,84,34,36,34,33,6,62,7,62,6,60,44,43,42,35,43,44,85,78,79,19,78,85,33,86,36,69,86,70,19,46,20,46,51,50,65,64,83,73,72,22,10,9,87,88,9,89,90,12,69,89,91,88,89,12,90,89,17,68,83,4,65,57,4,3,68,12,89,68,13,12,64,23,22,22,83,64,51,19,85,46,19,51,92,17,11,48,24,11,33,52,86,33,35,52,66,18,74,18,27,29,15,24,55,92,11,24,54,71,70,91,7,76,47,46,50,82,47,50,22,72,83,72,5,83,54,91,71,89,90,91,66,74,23,64,66,23,48,11,10,81,80,93,69,14,86,14,69,12,26,3,40,57,3,56,80,48,10,80,0,48,52,70,86,52,54,70,67,1,78,67,2,1,11,17,9,9,17,89,18,20,27,20,45,42,40,38,25,26,40,25,28,75,74,28,34,84,38,13,68,38,39,13,61,59,93,81,93,59,75,84,36,28,84,75,53,35,31,8,31,30,80,10,93,87,93,10,27,42,28,20,42,27,21,36,22,75,36,21,54,7,91,54,8,7,80,79,0,0,79,1,30,50,49,49,6,30,87,9,88,62,61,76,17,92,15,24,15,92,91,90,71,90,69,71,58,81,59,51,85,58,19,63,78,78,63,67,88,61,87,87,61,93,54,53,8,8,53,31,56,3,26,15,56,26,28,74,29,29,74,18,22,37,73,36,86,37,85,79,81,85,81,58,88,76,61,88,91,76,86,14,73,86,73,37,82,50,32,82,32,41,25,16,15,38,16,25,65,77,67,65,4,77,45,47,82,20,47,45,55,77,57,57,77,4,2,55,24,67,55,2],"type":"triangles","base":0,"count":552}],"meshInstances":[{"node":1,"mesh":0}]}}