{"model":{"version":3,"nodes":[{"name":"RootNode","position":[0,0,0],"rotation":[0,0,0],"scale":[0.01,0.01,0.01],"scaleCompensation":false},{"name":"Neck","position":[0,0,0],"rotation":[0,0,0],"scale":[1,1,1],"scaleCompensation":false}],"parents":[-1,0],"skins":[],"morphs":[],"vertices":[{"position":{"type":"float32","components":3,"data":[-0.138321,-0.876061,-0.155655,0.0150617,-0.876192,0.042727,0.00238558,-0.876353,-0.267218,-0.113582,-1.18997,-0.013925,-0.147815,-1.06887,-0.0559915,-0.147715,-1.19213,-0.0629482,0.145317,-1.18221,-0.164726,0.148668,-0.880955,-0.149397,0.153538,-1.17149,-0.0866937,0.112012,-0.876489,-0.208846,0.151994,-0.876939,-0.075122,0.0916664,-1.19894,-0.203939,-0.0541947,-1.19905,0.00882972,-0.0908726,-1.199,-0.226806,-0.0136927,-1.03605,-0.268267,0.0318377,-1.17935,-0.256381,-0.0380399,-1.18968,-0.257671,0.0778,-1.17631,0.0183162,0.00736018,-1.02021,0.0459261,0.0121344,-1.18224,0.0452584,0.114143,-1.19905,-0.0459481,0.0564421,-1.02429,-0.250951,0.060061,-0.881765,-0.248455,-0.148108,-0.937163,-0.077257,-0.150854,-0.893535,-0.155162,-0.151169,-1.05354,-0.126717,-0.120331,-0.914412,-0.200425,-0.0580525,-0.882432,-0.24776,-0.0946094,-1.17847,-0.235077,-0.131334,-1.19103,-0.1817,-0.1148,-1.19909,-0.0449877,-0.126537,-1.19911,-0.139776,-0.0707098,-0.890084,0.027022,-0.0569773,-1.17968,0.0297544,-0.0731169,-0.87634,0.0179517,0.117637,-0.877991,-0.0156303,0.0651255,-0.950186,0.0255525,0.125866,-1.18851,-0.0277005,0.145361,-1.19784,-0.102777,0.109742,-1.03316,-0.211631,0.027094,-1.1983,-0.250443,-0.113306,-1.00365,-0.0119617,-0.123669,-0.878197,-0.024819,-0.147368,-0.880668,-0.0892262,0.0105058,-1.19809,0.0346117,-0.059023,-1.19528,0.021866,-0.104871,-0.876972,-0.208922,0.0775435,-1.19688,0.0101757,0.0952186,-1.19163,-0.225956,0.135634,-1.19772,-0.170912,-0.150257,-1.18925,-0.121122]},"normal":{"type":"float32","components":3,"data":[-0.0406147,0.999142,-0.00810312,0.0381287,0.972058,0.231622,0.0258844,0.942109,-0.334305,-0.716155,-0.102945,0.690307,-0.944254,0.00812723,0.329116,-0.894924,-0.336826,0.292675,0.918005,-0.016204,-0.396238,0.960319,0.0389278,-0.276172,0.983366,-0.0248056,0.179934,0.327713,0.886053,-0.327894,0.793398,0.581226,0.180819,0.0100976,-0.999887,-0.0111825,-0.00230292,-0.999976,0.00656037,-0.0334681,-0.998298,-0.0477567,-0.12928,-0.00726365,-0.991581,0.238526,-0.0621498,-0.969145,-0.167324,-0.177267,-0.969835,0.491212,-0.0181263,0.870851,0.0293962,0.00237071,0.999565,0.101076,-0.079798,0.991673,0.032208,-0.999245,0.0217069,0.434531,-0.00476917,-0.900644,0.468753,0.074502,-0.880182,-0.96939,0.0244603,0.244304,-0.971746,0.0454728,-0.231607,-0.979296,-0.0103816,-0.202168,-0.802404,0.0121183,-0.596658,-0.483521,0.057163,-0.873464,-0.587224,-0.0011039,-0.809424,-0.896784,-0.0739158,-0.436251,-0.0731505,-0.996174,0.047826,-0.211421,-0.976843,-0.0328479,-0.42911,0.0190659,0.903051,-0.431066,-0.0344702,0.901662,-0.0627802,0.993058,0.099467,0.778413,0.0690861,0.623939,0.535916,0.0143833,0.844149,0.766455,-0.0628423,0.639216,0.366741,-0.929051,0.0486416,0.753756,0.00685531,-0.657118,0.057971,-0.941881,-0.330907,-0.729632,0.000926461,0.68384,-0.7765,0.362088,0.515693,-0.92636,0.344298,0.152694,-0.000311615,-0.962691,0.270603,-0.283535,-0.805764,0.519954,-0.510237,0.700178,-0.499408,0.333842,-0.779705,0.529726,0.609872,-0.103691,-0.785687,0.619236,-0.761276,-0.192365,-0.99167,-0.104066,-0.0759056]}}],"meshes":[{"aabb":{"min":[-0.151169,-1.19911,-0.268267],"max":[0.153538,-0.876061,0.0459261]},"vertices":0,"indices":[0,1,2,3,4,5,6,7,8,9,1,10,11,12,13,14,15,16,17,18,19,11,20,12,9,2,1,21,22,9,23,24,25,26,27,28,26,28,29,13,30,31,18,32,33,0,34,1,35,1,36,7,10,8,8,35,37,38,20,11,21,9,39,13,40,11,3,41,4,42,0,43,5,31,30,25,26,29,8,10,35,35,10,1,18,33,19,12,20,44,33,41,3,44,45,12,9,10,7,9,7,39,46,2,27,2,21,14,13,29,28,28,14,16,45,3,30,3,5,30,17,36,18,37,35,36,41,23,4,23,25,4,47,17,19,37,36,17,27,2,14,27,14,28,47,19,44,44,19,33,14,21,15,21,48,15,33,32,41,42,34,0,16,40,13,13,28,16,41,32,42,41,42,23,39,7,6,40,48,11,43,0,24,24,26,25,38,37,20,47,37,17,49,8,38,37,38,8,24,46,26,26,46,27,48,6,49,49,6,8,23,42,43,23,43,24,21,39,48,39,6,48,44,33,45,45,33,3,16,15,40,40,15,48,0,2,46,24,0,46,13,12,30,45,30,12,36,1,18,1,32,18,5,50,31,4,50,5,48,49,11,49,38,11,42,32,34,1,34,32,4,25,50,25,29,50,2,22,21,9,22,2,31,50,29,31,29,13,44,20,47,20,37,47],"type":"triangles","base":0,"count":294}],"meshInstances":[{"node":1,"mesh":0}]}}