{"model":{"version":3,"nodes":[{"name":"RootNode","position":[0,0,0],"rotation":[0,0,0],"scale":[0.01,0.01,0.01],"scaleCompensation":false},{"name":"Eye1","position":[0,0,0],"rotation":[0,0,0],"scale":[1,1,1],"scaleCompensation":false}],"parents":[-1,0],"skins":[],"morphs":[],"vertices":[{"position":{"type":"float32","components":3,"data":[-0.464499,-0.099519,0.74153,-0.372645,-0.127438,0.766322,-0.429514,-0.0429116,0.811725,-0.327425,-0.0443196,0.553395,-0.284084,-0.00516753,0.564988,-0.285084,-0.0754279,0.587962,-0.367268,0.148275,0.694212,-0.429198,0.126211,0.646649,-0.444101,0.112754,0.74561,-0.504718,0.016326,0.634291,-0.478076,0.092349,0.65669,-0.460707,0.0407324,0.579915,-0.308168,0.0515084,0.562055,-0.29526,0.111333,0.614882,-0.243257,0.0363697,0.612491,-0.286335,-0.0455329,0.801115,-0.29663,0.03062,0.812184,-0.369348,-0.0259217,0.832654,-0.246631,-0.0611608,0.746838,-0.221549,-0.0298956,0.696541,-0.236994,0.0189894,0.756201,-0.34413,-0.145909,0.667655,-0.263639,-0.105896,0.663665,-0.289356,-0.114667,0.740928,-0.235834,0.0747665,0.679479,-0.408668,0.064469,0.817375,-0.30269,0.101639,0.776294,-0.376397,0.134414,0.74145,-0.504142,-0.0488188,0.695728,-0.486759,-0.0163173,0.767347,-0.384092,-0.123972,0.610375,-0.326928,-0.118393,0.610477,-0.361482,0.0451772,0.547406,-0.405189,-0.026103,0.543114,-0.419451,0.0353888,0.554198,-0.346378,0.0925433,0.575365,-0.419583,-0.139644,0.679527,-0.486583,-0.0757904,0.645667,-0.449829,-0.0837551,0.598412,-0.480944,-0.0236424,0.599289,-0.243102,-0.0432752,0.618582,-0.367819,0.132022,0.619467,-0.300393,0.130423,0.693074,-0.264803,0.0923575,0.735312,-0.509893,0.0229251,0.70658,-0.487919,0.0669323,0.737875,-0.335003,-0.0855873,0.800519,-0.394761,0.0839737,0.570463,-0.431587,0.0939701,0.594767,-0.223885,-0.000122628,0.651871,-0.352992,-0.0812847,0.565082,-0.321395,0.00817789,0.548249,-0.407058,-0.0998477,0.586296]},"normal":{"type":"float32","components":3,"data":[-0.642429,-0.660206,0.389117,-0.110756,-0.829679,0.547144,-0.450718,-0.321358,0.832816,0.252148,-0.268409,-0.929719,0.626874,-0.0579877,-0.77696,0.545078,-0.522207,-0.655889,0.022074,0.999193,0.0335465,-0.415645,0.896203,-0.15511,-0.494914,0.813475,0.305481,-0.949462,0.0834147,-0.302595,-0.79003,0.585041,-0.183246,-0.690869,0.248535,-0.678918,0.474211,0.384928,-0.791805,0.495851,0.758172,-0.423447,0.786365,0.278446,-0.551451,0.550924,-0.280666,0.785945,0.381271,0.223037,0.897155,0.0162259,-0.181634,0.983232,0.821246,-0.425721,0.379889,0.981953,-0.180575,0.0562282,0.850814,0.160166,0.500462,0.184796,-0.982363,-0.0285311,0.699548,-0.702266,-0.132116,0.474157,-0.798169,0.371621,0.884804,0.464529,-0.0365283,-0.278531,0.409036,0.868971,0.34639,0.694706,0.630395,-0.0536596,0.833862,0.549359,-0.955964,-0.278165,0.0935774,-0.789982,-0.0440394,0.611547,-0.0820977,-0.875599,-0.47601,0.315068,-0.809051,-0.496154,0.0142747,0.267654,-0.963409,-0.28693,-0.189213,-0.939079,-0.33095,0.294194,-0.896617,0.153669,0.637932,-0.754605,-0.405724,-0.910949,-0.0745609,-0.805375,-0.552229,-0.215439,-0.571532,-0.576956,-0.583501,-0.725737,-0.179821,-0.664056,0.847762,-0.283349,-0.448345,-0.030147,0.891219,-0.452571,0.471505,0.880031,0.056825,0.725434,0.601881,0.333894,-0.981742,0.158005,0.105914,-0.790928,0.404414,0.459218,0.241397,-0.583705,0.775252,-0.170998,0.596097,-0.784492,-0.466373,0.649601,-0.600429,0.975823,0.0497193,-0.212832,0.0806496,-0.581108,-0.809821,0.195244,0.0143906,-0.980649,-0.315795,-0.676448,-0.66535]}}],"meshes":[{"aabb":{"min":[-0.509893,-0.145909,0.543114],"max":[-0.221549,0.148275,0.832654]},"vertices":0,"indices":[0,1,2,3,4,5,6,7,8,9,10,11,12,13,14,15,16,17,18,19,20,21,22,23,19,24,20,25,26,27,28,0,29,30,31,21,29,0,2,25,27,8,32,33,34,13,12,35,36,37,38,33,39,11,40,5,4,22,19,18,13,41,6,24,42,43,0,36,1,0,37,36,44,10,9,25,8,45,2,25,29,16,25,17,14,13,24,24,13,42,1,21,23,1,46,17,32,34,47,48,11,10,46,1,23,18,20,15,8,7,10,8,10,45,14,24,49,22,40,19,9,28,44,37,39,38,16,26,25,43,20,24,33,38,39,30,50,31,15,20,16,20,26,16,12,14,4,51,33,32,33,50,52,3,33,51,13,6,42,26,42,6,36,21,1,30,21,36,34,48,47,6,41,7,52,36,38,33,52,38,41,48,7,7,48,10,40,4,14,40,14,49,44,28,29,25,45,29,51,32,12,32,35,12,25,2,17,1,17,2,34,33,11,34,11,48,21,31,22,5,40,22,20,43,26,43,42,26,9,39,37,9,11,39,22,31,5,50,5,31,41,47,48,13,35,41,15,17,46,23,15,46,45,10,44,45,44,29,30,52,50,52,30,36,47,41,35,47,35,32,19,49,24,19,40,49,28,37,0,9,37,28,50,3,5,3,50,33,26,6,27,8,27,6,23,18,15,23,22,18,3,51,4,51,12,4],"type":"triangles","base":0,"count":306}],"meshInstances":[{"node":1,"mesh":0}]}}